respondent_id,region,department,employment_type,age,user_language,sentiment_1,sentiment_2,sentiment_3,sentiment_4,sentiment_5,sentiment_6,sentiment_7,sentiment_8,sentiment_9,sentiment_10,sentiment_11,sentiment_12,sentiment_13,sentiment_14,sentiment_15,sentiment_16,sentiment_17,sentiment_18,sentiment_19,sentiment_20,sentiment_21,sentiment_22,sentiment_23,sentiment_24,sentiment_25
RESP_0001,Asia Pacific,Marketing,<3 year,35-45,EN,2.5,2.8,1.8,2.5,1.6,2.1,2.4,1.8,2.5,2.2,2.0,1.8,1.6,2.2,2.1,2.2,1.8,1.6,2.9,1.8,1.4,2.4,1.0,3.0,1.9
RESP_0002,North America,Finance,10-20 year,<25,EN,1.9,2.6,1.7,2.6,1.6,1.8,2.4,2.4,2.6,2.3,1.9,1.4,1.5,2.0,2.4,2.5,1.2,1.7,2.5,1.6,1.8,2.0,1.8,2.4,1.5
RESP_0003,Asia Pacific,Engineering,>20 year,45-55,EN,2.1,2.2,1.7,2.1,2.6,2.8,2.3,2.5,2.6,2.1,2.1,2.6,1.8,2.8,1.0,2.6,1.8,1.5,2.6,1.1,1.5,1.7,2.0,2.5,1.3
RESP_0004,Europe,Product,<3 year,<25,EN,2.1,2.3,1.8,2.4,1.8,2.2,2.6,2.0,2.2,2.2,2.2,1.5,1.4,2.3,1.5,3.0,1.7,1.3,2.4,1.6,1.4,1.0,1.9,2.7,1.6
RESP_0005,Europe,Finance,3-10 year,35-45,EN,1.9,2.0,2.1,2.3,2.1,2.3,2.5,2.0,2.3,2.2,2.1,2.0,2.1,1.7,1.7,2.6,1.5,2.1,3.0,2.3,1.2,1.6,1.2,3.0,2.3
RESP_0006,Asia Pacific,Product,10-20 year,35-45,EN,2.6,2.0,2.0,2.4,2.5,2.7,2.3,2.5,2.8,2.4,1.4,1.6,2.1,1.5,2.0,2.7,1.9,1.4,2.3,2.1,1.8,1.5,1.8,3.0,2.3
RESP_0007,Europe,Engineering,10-20 year,<25,EN,3.0,2.5,1.7,2.7,2.0,2.6,2.7,1.8,2.8,2.4,2.3,2.8,1.7,1.9,1.6,2.2,1.8,1.7,2.7,2.1,1.6,2.2,1.3,3.0,1.9
RESP_0008,Asia Pacific,Marketing,10-20 year,<25,EN,2.0,1.7,2.0,2.6,2.5,2.3,2.4,2.8,3.0,2.0,1.8,2.0,1.1,1.7,1.4,2.1,2.3,1.3,2.3,2.1,1.4,1.8,1.1,2.2,1.8
RESP_0009,Europe,Sales,3-10 year,<25,EN,2.0,2.4,1.9,2.5,1.8,3.0,1.9,2.5,2.6,2.3,2.1,1.2,2.2,2.0,2.5,2.4,1.7,1.1,2.4,1.9,1.1,1.0,1.1,3.0,2.3
RESP_0010,North America,Product,3-10 year,<25,EN,2.1,1.8,2.0,2.6,2.5,3.0,2.4,2.7,2.3,2.3,1.8,1.7,1.7,2.1,1.8,2.2,2.2,2.3,2.5,1.7,1.8,2.9,1.4,3.0,2.2
RESP_0011,Asia Pacific,Product,<3 year,45-55,EN,2.5,2.3,1.4,2.9,2.1,3.0,2.5,2.1,2.7,2.3,1.8,2.1,2.2,2.0,1.8,2.3,2.1,2.1,2.7,2.0,1.3,2.0,1.6,2.5,1.0
RESP_0012,Asia Pacific,Finance,3-10 year,55+,EN,1.9,2.6,1.7,2.2,2.6,2.5,1.5,1.2,2.5,2.1,1.9,1.8,2.2,2.2,2.1,2.0,1.0,2.0,3.0,1.7,1.7,1.7,2.1,3.0,1.8
RESP_0013,North America,Operations,3-10 year,55+,EN,2.1,1.8,1.5,2.5,2.7,2.4,2.2,2.3,2.6,2.6,2.5,1.6,1.0,2.1,1.6,2.6,1.5,1.0,2.4,1.3,2.2,1.8,1.7,2.9,1.9
RESP_0014,Europe,Engineering,10-20 year,45-55,EN,2.7,2.5,2.0,2.6,2.3,2.3,2.0,2.1,2.7,2.8,2.4,2.9,1.5,2.5,2.1,3.0,1.5,1.3,2.4,1.1,1.4,1.3,1.5,2.8,2.4
RESP_0015,North America,Operations,>20 year,55+,EN,2.0,2.5,1.6,3.0,2.7,2.1,1.7,2.6,2.5,2.7,1.4,1.8,1.8,2.2,1.8,2.6,1.4,1.6,2.6,2.0,1.9,1.2,1.0,3.0,1.7
RESP_0016,Europe,HR,3-10 year,35-45,EN,2.0,2.7,2.1,3.0,2.9,2.2,2.6,2.3,3.0,2.0,2.3,2.4,1.1,1.7,1.2,2.3,2.1,2.1,2.6,2.4,1.0,1.0,1.4,2.8,1.6
RESP_0017,North America,Product,<3 year,35-45,EN,1.7,2.6,1.3,3.0,1.7,2.8,2.0,2.3,2.2,2.9,2.0,2.4,1.8,2.3,2.2,2.2,1.4,1.1,2.6,1.6,1.0,1.8,1.0,2.4,1.6
RESP_0018,Europe,Finance,>20 year,35-45,EN,2.0,2.6,1.9,2.2,2.5,2.1,1.9,2.9,2.4,2.1,1.1,2.3,1.4,2.2,2.4,2.1,1.8,2.1,1.9,1.5,1.2,1.5,1.4,2.4,1.3
RESP_0019,Europe,HR,>20 year,<25,EN,2.4,2.6,2.5,2.7,2.0,2.3,3.0,2.5,2.3,2.9,1.8,1.7,2.4,1.7,1.2,2.7,1.8,1.6,2.5,1.7,1.4,1.3,1.2,2.6,1.3
RESP_0020,Asia Pacific,Engineering,10-20 year,35-45,EN,2.1,1.4,2.3,2.6,2.3,2.4,2.4,1.8,2.3,2.5,2.1,2.8,2.4,2.6,1.7,2.2,1.4,1.7,1.8,1.6,1.5,1.0,1.7,2.4,1.7
RESP_0021,North America,Sales,10-20 year,<25,EN,2.0,1.6,2.8,3.0,2.5,1.9,3.0,1.9,2.4,2.4,2.2,2.3,2.1,2.1,2.3,2.3,2.0,1.8,2.8,2.0,1.4,1.8,1.7,2.3,1.5
RESP_0022,Europe,Engineering,3-10 year,35-45,EN,2.5,2.5,2.9,3.0,1.7,1.9,1.7,1.8,2.5,2.4,1.4,1.3,1.5,2.6,2.4,2.9,1.8,1.9,2.9,1.6,1.8,1.9,1.0,3.0,1.6
RESP_0023,Europe,HR,<3 year,45-55,EN,3.0,2.0,3.0,2.6,1.4,2.2,2.8,2.8,2.8,2.8,1.5,1.7,1.1,2.0,2.3,2.5,2.1,1.3,2.3,1.9,1.4,2.1,1.1,2.6,1.8
RESP_0024,North America,Finance,3-10 year,35-45,EN,2.2,1.7,2.6,2.4,2.2,1.9,1.7,2.4,2.5,1.8,1.5,1.9,2.5,2.1,1.4,2.3,1.7,1.0,2.6,1.7,1.9,2.3,1.9,2.6,1.2
RESP_0025,Asia Pacific,Operations,>20 year,<25,EN,1.9,1.9,1.6,1.8,2.1,2.7,3.0,1.9,2.9,2.2,1.3,2.3,1.9,2.9,1.4,3.0,2.4,1.6,2.5,1.5,1.6,1.5,1.6,2.6,2.2
RESP_0026,Asia Pacific,Marketing,>20 year,25-35,EN,2.3,2.2,2.5,1.9,2.4,2.3,1.8,1.5,2.9,2.6,2.1,2.7,2.0,2.7,2.2,2.3,1.4,1.4,2.5,2.3,1.9,1.7,1.7,2.9,1.7
RESP_0027,North America,Marketing,10-20 year,25-35,EN,2.1,2.7,2.5,2.3,2.6,2.2,2.2,2.2,2.6,2.3,1.5,2.0,2.7,1.1,2.3,2.7,1.3,1.4,2.3,2.4,2.0,2.1,1.4,3.0,1.6
RESP_0028,Europe,Engineering,<3 year,<25,EN,2.8,2.9,2.1,2.2,2.0,2.0,2.6,2.1,3.0,2.7,2.1,2.6,1.6,1.5,1.6,2.4,1.7,1.9,2.6,2.1,2.2,1.5,1.6,2.2,1.6
RESP_0029,Asia Pacific,Marketing,10-20 year,35-45,EN,2.4,2.4,1.9,3.0,1.9,1.8,2.9,1.9,2.2,3.0,2.4,1.8,1.9,3.0,2.3,2.8,2.1,1.9,2.6,1.8,1.7,1.9,1.3,2.7,1.5
RESP_0030,Asia Pacific,Engineering,10-20 year,25-35,EN,2.3,2.6,2.1,2.7,2.2,2.7,2.3,1.9,2.8,1.8,2.2,1.6,2.3,2.1,2.1,2.5,1.1,1.4,2.9,2.1,1.7,1.1,1.6,2.9,1.6
RESP_0031,Asia Pacific,Sales,10-20 year,45-55,EN,2.3,2.1,1.5,2.7,2.0,2.2,2.4,1.4,1.8,2.2,2.2,2.3,1.2,2.5,1.9,2.1,1.6,1.9,2.7,1.8,1.7,2.0,1.4,2.7,2.1
RESP_0032,Europe,Operations,10-20 year,55+,EN,2.2,2.2,2.1,2.7,2.7,2.3,1.8,2.3,3.0,2.3,1.3,2.1,1.8,2.2,2.4,2.8,2.0,1.6,2.9,1.3,1.3,1.4,1.4,2.9,1.5
RESP_0033,Asia Pacific,Sales,3-10 year,45-55,EN,1.8,2.0,2.1,3.0,2.1,2.4,2.3,2.5,3.0,2.1,1.8,2.4,2.1,2.9,2.2,2.3,2.0,2.0,2.8,2.0,2.0,2.1,2.0,2.9,1.5
RESP_0034,Asia Pacific,Operations,3-10 year,25-35,EN,2.4,2.4,2.2,2.4,2.3,2.6,1.8,2.1,2.5,2.6,1.5,2.6,1.9,2.3,1.8,2.6,1.8,2.0,2.2,1.9,1.8,1.5,1.2,2.6,1.7
RESP_0035,Europe,HR,<3 year,25-35,EN,3.0,2.0,1.5,3.0,2.7,2.1,2.3,1.7,2.5,2.7,1.8,2.4,2.0,2.4,1.8,2.3,1.2,1.4,2.9,1.5,1.3,1.9,1.6,2.9,1.1
RESP_0036,Asia Pacific,Marketing,3-10 year,<25,EN,3.0,2.4,2.3,2.7,2.5,2.5,2.8,2.2,2.7,2.3,2.6,1.7,2.5,2.2,1.4,2.4,1.6,1.9,2.4,1.6,1.0,1.4,1.0,2.2,1.9
RESP_0037,North America,Engineering,<3 year,45-55,EN,2.0,2.3,2.1,2.1,2.8,2.6,2.2,2.1,2.6,1.6,1.9,1.7,1.4,2.1,2.7,2.6,1.6,1.8,3.0,2.1,1.6,1.3,1.7,2.8,2.0
RESP_0038,Europe,Finance,10-20 year,35-45,EN,2.5,2.3,2.4,2.4,2.8,2.4,3.0,2.0,2.6,1.9,1.8,2.2,2.3,3.0,2.0,2.1,2.1,1.2,2.8,1.6,1.7,2.0,1.4,3.0,1.9
RESP_0039,North America,Marketing,>20 year,45-55,EN,2.3,2.9,2.4,3.0,2.2,2.3,2.8,1.6,3.0,2.5,1.6,1.5,1.5,1.3,1.8,2.6,1.6,2.1,3.0,2.2,1.7,1.0,1.1,2.7,1.2
RESP_0040,North America,Finance,3-10 year,<25,EN,2.3,2.1,2.2,2.0,2.7,2.7,2.2,2.1,2.5,1.7,2.6,1.7,1.5,2.1,2.4,2.2,1.1,1.3,2.7,2.6,1.1,1.1,1.0,2.2,2.1
RESP_0041,North America,Engineering,<3 year,45-55,EN,2.7,2.2,2.7,3.0,2.2,2.1,2.4,1.9,2.3,2.1,2.7,2.3,1.6,1.2,1.4,2.6,1.1,1.7,2.3,1.8,1.6,1.6,1.2,2.6,1.3
RESP_0042,Europe,Operations,10-20 year,25-35,EN,2.5,2.3,2.1,2.7,2.1,2.4,2.5,2.2,2.4,2.4,2.3,2.3,2.5,1.8,1.8,1.9,2.1,1.5,2.7,1.6,1.5,2.1,1.7,2.7,1.9
RESP_0043,Europe,Product,<3 year,<25,EN,2.6,2.2,1.6,2.2,1.8,2.7,2.8,2.7,1.8,2.7,2.9,2.4,1.0,2.9,2.0,2.3,2.0,1.2,2.6,2.4,1.8,1.6,1.4,2.3,1.5
RESP_0044,Asia Pacific,Finance,3-10 year,25-35,EN,1.7,2.4,2.7,2.4,2.7,2.3,2.4,1.7,2.3,1.8,2.0,2.2,1.4,3.0,2.1,2.4,2.1,1.3,2.6,1.5,2.2,1.2,1.4,2.8,1.8
RESP_0045,Asia Pacific,Finance,10-20 year,<25,EN,1.7,2.5,2.1,2.7,2.4,2.8,2.3,1.9,2.5,2.5,2.0,2.0,1.5,1.9,1.4,2.9,1.4,1.4,2.4,2.1,1.5,2.1,1.1,2.8,1.3
RESP_0046,Europe,Operations,10-20 year,<25,EN,3.0,2.5,2.2,2.4,2.3,2.3,2.2,2.4,3.0,2.1,1.5,2.0,2.8,1.9,2.7,2.9,1.6,1.8,3.0,1.7,1.5,1.4,1.0,2.5,1.1
RESP_0047,North America,Engineering,>20 year,25-35,EN,2.1,2.4,1.6,2.8,2.9,2.6,2.2,1.6,2.0,1.8,2.0,2.0,2.1,1.5,2.5,2.6,1.7,1.2,3.0,1.7,1.6,1.8,1.0,2.6,1.9
RESP_0048,North America,Engineering,3-10 year,55+,EN,2.6,2.2,2.0,2.6,2.4,2.4,3.0,2.0,2.4,1.9,1.4,1.5,1.5,2.7,2.0,2.5,1.8,1.7,3.0,1.1,2.1,1.0,1.4,3.0,1.9
RESP_0049,Europe,Product,3-10 year,35-45,EN,2.1,2.6,2.0,2.2,2.5,2.0,2.3,2.1,2.9,2.5,2.0,2.3,2.4,2.4,2.0,2.0,1.4,1.5,2.4,1.7,1.6,1.8,1.4,2.8,1.6
RESP_0050,Europe,Operations,>20 year,55+,EN,1.6,2.3,2.0,2.0,1.8,1.8,2.4,2.1,2.0,2.5,2.5,1.8,1.1,1.9,2.3,2.6,1.5,2.1,3.0,1.5,1.3,1.4,1.2,3.0,1.8
RESP_0051,Europe,Finance,<3 year,45-55,EN,2.9,1.9,2.2,1.7,1.8,2.3,2.4,2.1,2.3,2.2,2.5,1.8,2.5,2.5,2.2,2.0,2.1,1.4,2.2,2.0,1.0,1.3,1.4,3.0,1.3
RESP_0052,Europe,Marketing,3-10 year,45-55,EN,2.1,2.6,1.7,2.7,2.7,2.2,2.7,2.2,2.2,2.2,1.8,2.0,1.9,2.4,2.2,1.7,1.8,1.1,2.5,1.8,2.0,1.6,1.5,2.9,2.1
RESP_0053,Asia Pacific,Sales,>20 year,<25,EN,1.8,2.0,2.5,2.3,1.9,2.5,2.7,2.4,2.8,2.0,1.4,2.6,1.7,2.1,2.5,2.6,2.0,2.4,2.4,2.1,1.6,1.7,2.0,2.9,1.8
RESP_0054,Asia Pacific,Product,10-20 year,<25,EN,2.7,1.9,1.4,3.0,1.9,2.2,2.2,2.2,2.8,2.6,1.8,1.9,1.9,2.1,2.6,2.5,2.1,1.8,3.0,1.9,1.1,1.8,1.1,2.5,1.8
RESP_0055,Asia Pacific,Finance,>20 year,45-55,EN,2.4,2.9,2.2,3.0,2.5,1.7,2.6,2.2,3.0,2.5,1.9,1.5,1.7,1.9,1.8,2.6,2.4,1.7,2.2,2.0,2.1,1.4,1.3,2.7,1.3
RESP_0056,Europe,Operations,<3 year,45-55,EN,2.5,2.0,1.9,2.8,2.2,2.9,2.2,2.2,2.8,1.8,1.3,1.4,2.3,2.0,3.0,2.2,1.9,2.1,3.0,2.5,2.1,2.0,1.6,2.9,1.4
RESP_0057,North America,Finance,3-10 year,35-45,EN,2.2,2.1,2.3,2.8,2.3,2.8,1.9,2.0,2.2,1.6,2.0,2.0,2.4,2.5,1.6,3.0,2.2,1.8,2.5,1.5,1.5,2.0,2.2,3.0,1.4
RESP_0058,Europe,Sales,<3 year,35-45,EN,1.9,2.3,1.5,2.6,2.2,2.1,1.7,2.3,2.3,1.9,1.0,2.0,2.5,2.9,1.8,2.2,2.0,1.3,2.7,2.1,2.1,1.6,1.3,2.4,1.3
RESP_0059,Europe,Product,>20 year,25-35,EN,2.1,2.5,2.2,2.4,2.3,2.1,1.6,2.4,2.9,2.0,1.9,1.9,1.9,2.9,2.5,2.3,2.0,2.0,2.7,1.8,1.8,1.3,1.2,2.4,1.7
RESP_0060,North America,Operations,<3 year,<25,EN,2.3,2.2,1.9,2.7,2.1,2.7,3.0,2.0,2.6,2.4,2.7,2.0,1.5,1.7,2.0,2.3,2.5,2.2,2.3,1.6,1.6,2.2,1.4,2.5,1.6
RESP_0061,Asia Pacific,Engineering,>20 year,55+,EN,2.1,2.0,2.1,3.0,2.4,2.2,2.2,1.6,2.8,2.3,1.9,3.0,1.9,1.9,1.8,2.7,1.8,1.1,2.9,1.6,2.3,2.0,1.2,3.0,1.6
RESP_0062,Europe,Marketing,>20 year,45-55,EN,2.6,2.4,1.7,2.8,2.2,2.3,1.9,2.0,2.5,2.8,1.7,1.8,2.2,1.9,2.5,2.4,1.9,1.7,2.4,1.9,1.3,1.4,1.6,2.8,1.6
RESP_0063,North America,Engineering,>20 year,25-35,EN,2.4,2.1,1.6,2.9,2.6,2.1,2.3,2.5,2.3,2.2,2.1,1.8,2.1,2.1,1.7,2.6,1.4,2.3,3.0,2.0,1.8,1.8,1.2,2.8,1.2
RESP_0064,North America,Finance,10-20 year,35-45,EN,2.5,2.3,2.8,2.1,2.1,2.5,2.4,2.2,2.7,2.5,2.4,2.2,1.7,2.5,2.8,2.4,1.5,2.0,2.6,1.0,1.9,1.4,1.4,2.8,1.7
RESP_0065,Asia Pacific,HR,>20 year,<25,EN,2.5,2.2,2.4,2.7,2.0,2.7,2.1,2.4,2.6,2.9,1.9,1.9,1.8,2.1,2.3,1.9,1.4,1.2,2.9,2.4,1.6,1.5,1.4,3.0,1.2
RESP_0066,North America,Engineering,<3 year,<25,EN,2.4,2.6,2.3,2.6,2.7,1.4,2.5,1.9,1.9,2.5,2.5,1.9,2.2,2.8,2.5,2.9,2.1,1.6,2.1,1.7,1.3,2.5,1.3,2.7,1.8
RESP_0067,Asia Pacific,Engineering,<3 year,<25,EN,2.6,2.4,2.0,1.9,1.8,1.4,2.1,2.9,2.0,1.4,2.4,2.9,1.9,2.3,1.9,1.9,1.3,1.5,2.4,1.8,1.9,1.4,1.7,2.5,2.0
RESP_0068,Asia Pacific,Engineering,10-20 year,55+,EN,2.3,2.2,2.1,2.8,2.3,2.2,1.9,2.3,2.6,1.9,2.3,1.5,2.2,2.5,2.2,2.3,2.0,2.0,2.8,1.6,1.7,2.1,2.3,2.6,1.9
RESP_0069,Asia Pacific,Finance,<3 year,25-35,EN,2.7,2.7,2.5,1.9,2.4,2.6,2.4,2.3,2.5,2.0,1.3,1.7,2.9,2.0,1.2,2.6,2.1,2.1,2.7,2.1,2.3,1.3,1.0,2.4,1.5
RESP_0070,Europe,Sales,10-20 year,45-55,EN,2.8,2.8,2.3,2.5,2.2,2.8,3.0,2.3,2.1,2.2,2.2,1.1,1.9,2.4,2.5,2.8,1.8,2.1,3.0,1.8,1.8,1.0,1.0,2.4,1.4
RESP_0071,North America,HR,3-10 year,55+,EN,2.2,2.7,1.9,1.7,2.3,2.3,2.0,2.1,2.1,2.4,3.0,1.3,1.6,1.9,1.8,2.7,2.0,1.9,2.6,1.3,1.2,1.9,1.5,3.0,1.7
RESP_0072,North America,Sales,<3 year,25-35,EN,1.9,1.4,2.0,2.9,3.0,1.9,2.5,1.9,2.5,3.0,1.4,2.1,2.0,2.6,2.0,2.5,1.7,1.7,2.5,2.0,1.5,1.8,1.4,3.0,1.6
RESP_0073,Asia Pacific,Finance,3-10 year,45-55,EN,2.0,2.1,1.9,3.0,1.6,3.0,2.7,2.2,2.5,2.4,2.2,2.3,2.0,2.2,1.9,2.4,1.7,2.0,2.8,1.0,1.9,1.7,1.4,2.6,2.0
RESP_0074,Europe,Product,3-10 year,55+,EN,2.6,2.7,1.9,2.2,2.1,2.1,2.6,2.3,2.8,2.4,1.8,2.3,2.3,2.4,2.2,2.2,1.9,1.3,2.6,1.2,1.0,1.5,1.2,2.7,1.5
RESP_0075,North America,Product,<3 year,55+,EN,2.0,2.4,1.9,2.7,1.9,2.3,2.6,2.5,2.6,2.2,1.4,1.7,1.6,1.9,2.0,2.3,1.9,2.0,2.5,1.3,1.3,1.8,1.7,2.8,2.1
RESP_0076,Europe,Marketing,>20 year,25-35,EN,2.2,2.6,1.8,2.7,2.5,2.7,3.0,2.2,2.3,2.3,1.3,1.7,1.6,2.0,2.1,2.2,2.2,1.6,2.6,1.7,1.7,1.9,1.1,2.5,1.5
RESP_0077,North America,Sales,10-20 year,<25,EN,2.1,2.6,2.2,2.6,2.6,2.3,2.4,2.1,2.6,2.1,1.0,1.9,2.4,2.6,2.4,2.8,1.8,1.7,2.4,1.7,1.8,2.1,1.3,2.6,1.6
RESP_0078,North America,Sales,10-20 year,25-35,EN,2.5,2.7,2.3,2.6,1.8,2.9,2.1,2.4,2.4,2.6,2.5,2.3,2.1,2.2,1.8,2.4,1.7,2.5,2.3,2.2,1.8,1.7,2.0,2.8,1.3
RESP_0079,North America,Operations,3-10 year,25-35,EN,2.2,1.4,2.4,1.7,2.3,2.3,2.5,2.1,3.0,2.4,2.4,1.7,1.8,2.8,1.9,2.5,2.1,1.3,2.0,1.9,2.0,1.1,1.7,2.9,1.0
RESP_0080,Asia Pacific,Operations,<3 year,55+,EN,2.0,2.3,1.5,2.4,2.9,2.3,2.4,1.7,2.3,2.2,1.9,2.5,2.0,1.8,2.1,2.5,2.2,2.2,2.3,1.5,1.1,1.5,1.6,3.0,1.6
RESP_0081,North America,HR,3-10 year,25-35,EN,2.0,3.0,1.5,2.6,3.0,2.3,2.2,2.0,2.4,2.8,1.1,2.6,1.2,2.1,1.8,2.6,1.2,1.8,3.0,1.3,1.7,1.3,1.6,2.7,1.3
RESP_0082,Europe,Marketing,10-20 year,<25,EN,2.5,2.8,2.0,2.6,2.7,2.5,2.5,2.4,1.8,2.1,2.2,2.6,1.8,1.9,1.7,2.7,1.7,1.6,2.8,1.0,2.4,1.3,1.5,2.2,1.4
RESP_0083,North America,Product,<3 year,45-55,EN,2.7,1.6,2.5,2.4,2.5,2.5,2.5,1.8,2.4,1.8,2.2,2.7,1.1,1.9,1.9,2.5,2.1,1.5,2.5,2.2,1.9,1.8,1.4,3.0,1.3
RESP_0084,Asia Pacific,Finance,3-10 year,45-55,EN,2.0,1.8,2.6,2.7,2.2,2.0,2.3,2.4,2.8,2.7,1.8,1.0,2.3,2.1,2.3,2.9,2.7,1.4,2.6,2.3,1.3,1.4,1.2,2.7,1.5
RESP_0085,Asia Pacific,HR,10-20 year,45-55,EN,2.7,2.6,2.0,2.9,1.9,1.9,2.6,2.3,2.3,1.9,2.6,1.3,1.6,2.3,2.7,2.5,2.0,1.4,2.8,1.8,1.0,1.9,1.8,2.9,1.6
RESP_0086,North America,Sales,>20 year,<25,EN,2.0,2.7,2.4,2.8,2.3,2.7,2.6,2.0,2.7,2.1,2.2,1.5,1.3,2.6,2.4,2.6,1.8,1.0,2.6,2.0,1.4,1.3,2.0,2.7,1.8
RESP_0087,Asia Pacific,Operations,10-20 year,<25,EN,3.0,3.0,1.5,2.3,1.9,2.3,2.4,2.2,2.9,2.8,2.4,1.8,1.5,2.2,2.2,2.3,1.3,1.8,2.5,1.7,1.6,1.5,1.3,2.3,1.6
RESP_0088,Europe,Operations,3-10 year,35-45,EN,2.5,2.1,2.0,2.9,1.9,2.4,2.3,2.3,2.8,2.4,1.9,2.2,2.3,2.2,1.9,2.5,1.8,1.1,2.7,1.3,1.7,1.3,1.4,2.8,2.6
RESP_0089,Asia Pacific,Product,>20 year,25-35,EN,2.0,2.5,1.7,2.6,2.9,2.1,2.0,2.1,3.0,2.6,1.6,2.6,1.1,3.0,2.3,2.9,1.2,1.7,2.6,1.4,1.1,1.8,1.6,3.0,1.4
RESP_0090,North America,Engineering,<3 year,45-55,EN,2.3,2.3,2.4,2.8,2.8,2.0,2.5,2.1,3.0,2.0,2.5,2.1,1.9,2.2,2.5,2.5,1.3,2.0,2.9,2.0,1.1,1.2,1.0,2.8,1.1
RESP_0091,Europe,HR,>20 year,25-35,EN,2.2,2.6,1.5,2.5,2.1,2.8,1.7,2.1,2.4,2.8,2.2,1.8,2.1,2.0,2.4,2.3,2.2,1.8,3.0,1.8,1.8,1.4,1.4,1.9,1.8
RESP_0092,North America,Marketing,3-10 year,55+,EN,2.8,2.1,2.1,2.3,2.0,2.6,2.2,2.1,2.1,2.6,2.4,1.9,2.3,2.2,2.3,1.9,1.9,1.5,2.6,1.8,1.7,1.8,1.2,2.9,2.1
RESP_0093,North America,Product,3-10 year,<25,EN,2.5,2.2,2.2,1.7,2.4,2.4,2.1,1.4,2.4,2.3,1.9,1.3,2.4,1.9,1.9,1.7,2.4,1.4,2.6,2.2,1.3,2.0,1.0,2.9,2.2
RESP_0094,Asia Pacific,HR,3-10 year,25-35,EN,2.1,2.7,2.7,2.4,2.2,2.0,2.1,1.8,2.2,2.7,1.7,2.1,1.8,2.8,1.8,2.5,2.1,2.1,2.4,1.6,1.2,2.5,2.0,2.7,2.4
RESP_0095,North America,Operations,10-20 year,25-35,EN,1.9,2.3,2.4,2.9,2.5,2.8,2.4,2.4,2.8,2.2,2.3,1.6,1.9,2.4,2.4,2.6,2.2,1.6,2.5,1.7,1.7,1.0,1.9,2.7,1.4
RESP_0096,Asia Pacific,Operations,3-10 year,<25,EN,1.4,2.2,2.4,2.7,2.3,2.4,2.1,2.0,2.3,2.2,2.5,1.6,1.5,1.7,1.4,2.3,1.6,2.2,2.5,2.3,2.0,1.5,2.2,2.8,2.2
RESP_0097,North America,Marketing,>20 year,<25,EN,2.8,2.4,2.4,2.7,1.9,2.3,2.7,2.6,2.2,2.5,2.1,2.0,1.9,2.3,2.2,2.8,2.1,1.7,3.0,2.2,1.6,1.1,1.0,3.0,1.3
RESP_0098,North America,Sales,3-10 year,45-55,EN,1.9,2.6,2.4,3.0,2.8,2.2,1.9,2.3,2.5,2.8,1.1,2.9,2.0,1.9,2.3,2.8,1.8,1.0,2.5,2.2,1.8,1.5,1.9,2.9,1.9
RESP_0099,North America,Marketing,>20 year,<25,EN,1.7,2.2,2.4,2.4,2.5,2.7,2.4,2.3,2.0,2.2,2.7,2.0,2.6,1.9,2.1,2.3,2.0,1.9,2.8,2.2,1.6,1.5,1.0,2.9,1.7
RESP_0100,Asia Pacific,Sales,<3 year,35-45,EN,2.3,2.2,2.1,2.4,2.1,2.4,2.5,1.8,2.4,2.2,2.0,1.9,2.1,1.5,1.4,2.5,1.6,1.9,3.0,1.9,1.2,2.0,1.5,2.3,1.0
RESP_0101,North America,Finance,10-20 year,55+,EN,2.7,2.5,2.3,3.0,2.3,2.1,2.7,2.5,2.7,2.2,2.0,1.5,2.2,2.6,1.5,2.7,1.9,1.2,2.2,1.9,1.4,2.3,1.8,2.8,1.8
RESP_0102,Asia Pacific,Finance,>20 year,45-55,EN,2.8,2.3,2.3,1.6,2.2,2.4,1.9,2.2,2.4,2.9,2.6,1.8,1.7,2.2,1.8,2.5,1.5,1.2,2.8,2.0,1.3,2.0,1.1,2.8,1.9
RESP_0103,Asia Pacific,Engineering,>20 year,55+,EN,2.2,2.1,2.2,2.6,2.1,2.2,2.1,1.9,1.9,2.2,1.3,1.8,1.6,2.6,1.6,2.2,1.7,1.4,3.0,1.4,1.4,1.7,1.8,2.6,1.0
RESP_0104,Europe,HR,<3 year,25-35,EN,2.2,1.9,2.1,2.0,2.6,2.0,2.3,1.4,2.4,1.9,1.1,2.2,2.5,2.7,2.3,2.3,2.1,2.0,2.6,1.4,1.4,2.3,1.4,1.7,1.0
RESP_0105,Asia Pacific,Marketing,10-20 year,<25,EN,2.2,2.7,1.9,1.8,2.1,2.4,2.4,1.7,2.4,3.0,1.5,2.3,1.0,2.5,1.6,2.5,1.3,1.7,2.3,1.5,1.8,1.4,1.6,2.6,1.6
RESP_0106,North America,HR,3-10 year,35-45,EN,2.5,2.7,1.8,1.9,2.6,2.3,1.7,3.0,2.7,2.5,2.5,1.8,1.9,1.7,1.8,2.5,1.2,1.4,2.3,1.8,1.8,1.9,1.8,3.0,1.8
RESP_0107,Asia Pacific,Engineering,3-10 year,55+,EN,2.1,2.8,2.0,2.6,2.3,1.6,2.6,2.2,2.7,3.0,1.2,2.7,1.7,2.3,2.0,2.3,1.6,1.7,2.1,2.1,1.4,1.1,1.2,3.0,1.4
RESP_0108,North America,Engineering,>20 year,25-35,EN,2.4,2.5,2.7,2.4,2.5,2.3,2.8,1.8,2.8,2.2,2.0,2.0,1.9,2.2,2.1,2.9,2.1,1.9,2.5,1.5,2.0,2.0,2.0,2.5,1.5
RESP_0109,Asia Pacific,Marketing,<3 year,25-35,EN,2.6,2.1,2.3,2.4,2.4,1.9,2.3,1.1,2.4,1.7,2.5,2.3,2.0,2.8,1.6,2.9,2.1,1.5,2.9,1.4,1.3,1.4,1.2,2.4,2.1
RESP_0110,Europe,Operations,3-10 year,55+,EN,2.2,1.7,2.2,1.8,2.3,1.8,3.0,2.4,2.5,2.7,1.7,2.2,1.9,2.3,2.5,2.6,1.9,1.0,2.3,1.8,1.6,1.1,2.4,3.0,1.8
RESP_0111,Asia Pacific,HR,10-20 year,45-55,EN,2.5,2.2,2.3,2.8,1.8,2.4,2.8,2.0,2.3,2.2,1.4,2.1,1.8,2.3,2.2,2.2,1.9,1.8,2.5,1.9,1.6,1.3,1.5,2.6,1.9
RESP_0112,Asia Pacific,HR,3-10 year,55+,EN,2.2,2.8,2.3,2.2,2.6,2.1,2.4,2.7,2.0,2.2,2.2,2.3,1.3,1.6,2.4,2.2,1.5,2.1,2.6,1.8,1.5,1.1,1.7,2.8,1.7
RESP_0113,North America,Operations,<3 year,35-45,EN,2.3,2.5,2.2,3.0,1.7,2.4,2.1,1.8,2.3,2.3,2.0,1.4,1.6,2.3,1.6,2.1,1.0,1.4,2.3,1.5,1.5,1.4,1.0,2.1,1.7
RESP_0114,Europe,HR,>20 year,25-35,EN,2.6,2.2,2.0,2.5,2.9,1.8,2.2,1.5,2.6,2.2,2.1,2.1,2.2,2.4,2.3,2.1,2.2,1.3,2.4,1.9,1.7,1.2,1.3,3.0,1.0
RESP_0115,North America,Sales,3-10 year,35-45,EN,1.5,1.8,1.8,2.3,2.3,1.4,2.4,1.7,3.0,2.2,2.4,2.4,2.2,2.0,1.8,2.3,2.0,1.4,2.6,1.9,1.2,1.2,1.3,2.7,1.8
RESP_0116,Europe,Engineering,>20 year,35-45,EN,2.5,2.3,2.1,1.9,2.8,2.3,2.5,2.4,2.1,2.5,1.9,2.3,1.0,2.2,1.8,2.5,2.0,1.4,2.4,1.8,1.2,1.9,1.3,1.8,1.5
RESP_0117,Asia Pacific,Finance,>20 year,45-55,EN,2.4,1.9,2.3,2.8,2.2,2.2,2.0,1.6,3.0,2.0,2.6,1.7,2.0,1.7,2.2,2.3,1.7,1.8,2.5,1.3,1.9,1.1,1.6,3.0,1.4
RESP_0118,Asia Pacific,HR,10-20 year,55+,EN,2.7,2.4,1.1,2.9,2.1,3.0,2.3,1.5,1.8,2.8,2.4,2.9,1.8,2.2,1.8,2.2,1.7,1.7,2.3,1.2,1.7,1.3,1.0,2.9,1.2
RESP_0119,North America,Product,10-20 year,25-35,EN,2.4,3.0,2.1,2.4,2.5,2.3,2.7,1.7,2.1,2.6,1.5,2.2,1.9,1.9,2.1,2.0,1.5,1.5,2.6,1.7,1.8,1.8,2.0,2.7,2.1
RESP_0120,Europe,Sales,3-10 year,<25,EN,2.6,2.4,2.4,2.5,3.0,1.7,2.7,2.0,2.8,2.5,1.7,2.1,1.1,2.4,2.1,2.6,2.2,1.7,2.6,1.5,1.3,2.1,2.0,2.6,1.6
RESP_0121,Europe,Marketing,>20 year,<25,EN,2.5,3.0,1.8,2.4,2.4,2.5,2.2,1.8,2.8,2.6,1.6,2.5,2.3,2.3,2.0,2.6,1.5,1.6,2.0,2.1,1.0,2.2,1.3,2.6,1.3
RESP_0122,Asia Pacific,Finance,10-20 year,35-45,EN,2.2,2.7,2.1,2.3,2.7,2.0,1.7,2.5,2.9,2.0,1.8,1.6,1.9,2.9,2.3,2.7,2.1,1.6,2.9,2.1,2.2,1.4,1.0,3.0,1.7
RESP_0123,Asia Pacific,Marketing,>20 year,25-35,EN,1.7,2.4,1.7,2.2,2.5,2.7,2.0,2.1,2.5,2.2,2.0,2.3,1.5,1.6,2.7,2.7,1.4,1.6,2.9,2.1,1.8,1.5,2.1,2.8,1.4
RESP_0124,Europe,Marketing,10-20 year,<25,EN,2.6,1.9,2.5,2.8,1.6,2.1,2.7,1.5,2.8,2.3,2.5,2.0,1.5,2.3,2.0,2.2,2.6,1.3,1.9,2.4,1.4,1.5,1.3,2.5,1.3
RESP_0125,North America,Product,3-10 year,35-45,EN,2.0,2.2,1.7,2.4,2.0,2.5,2.3,1.9,2.8,2.4,1.3,2.4,1.9,2.8,2.0,2.2,1.7,1.9,2.4,1.6,1.5,1.1,1.1,2.8,2.1
RESP_0126,Europe,HR,10-20 year,25-35,EN,2.4,2.7,2.3,2.3,2.6,2.5,2.0,2.1,2.3,3.0,2.2,2.1,2.0,2.8,2.0,2.2,2.1,1.5,2.3,1.4,2.2,1.7,1.2,2.6,1.9
RESP_0127,North America,Product,<3 year,45-55,EN,2.4,2.7,2.5,2.3,2.7,2.4,2.7,2.3,2.0,2.9,2.0,2.2,1.3,2.4,2.4,3.0,2.3,1.8,2.1,1.8,1.4,1.7,1.0,2.6,1.4
RESP_0128,Asia Pacific,Sales,3-10 year,45-55,EN,2.1,2.4,1.2,1.7,2.2,2.2,2.4,1.8,2.5,2.3,1.7,2.4,1.9,2.4,2.0,3.0,2.0,1.4,2.8,1.2,1.6,1.7,1.5,2.6,1.2
RESP_0129,Europe,Marketing,3-10 year,35-45,EN,1.9,2.9,1.2,2.4,2.3,2.5,2.0,2.5,2.0,2.1,2.2,2.4,1.2,3.0,1.6,2.0,2.0,1.5,2.5,2.0,1.0,1.0,1.2,3.0,1.4
RESP_0130,Asia Pacific,Engineering,10-20 year,45-55,EN,2.9,2.4,2.2,2.6,2.2,2.2,1.9,1.3,2.9,2.4,2.0,2.2,1.5,1.8,1.9,2.8,1.4,1.0,2.4,2.2,1.0,1.1,1.5,3.0,1.1
RESP_0131,North America,Marketing,3-10 year,35-45,EN,2.1,2.6,1.9,2.5,1.9,2.7,2.1,2.6,2.5,1.8,1.9,1.6,2.0,2.1,2.1,2.3,1.6,1.3,2.9,1.7,1.5,1.5,1.1,2.6,1.7
RESP_0132,North America,Sales,3-10 year,<25,EN,1.9,2.0,2.0,2.8,1.8,2.3,1.7,2.2,2.2,2.7,1.4,2.2,2.3,1.8,1.7,2.1,1.6,1.8,2.4,1.4,1.0,2.2,2.1,2.9,1.3
RESP_0133,Europe,HR,<3 year,45-55,EN,2.2,2.3,2.5,1.9,2.6,2.2,1.9,1.7,2.2,1.9,2.7,2.2,2.2,2.4,2.0,2.4,1.7,1.5,2.2,2.2,1.0,1.2,2.2,2.7,1.7
RESP_0134,Asia Pacific,Operations,10-20 year,55+,EN,2.5,2.7,1.9,2.8,2.7,2.3,2.4,2.2,2.2,2.5,2.6,2.0,1.2,1.9,1.3,2.8,2.1,1.4,2.2,1.5,1.3,1.6,1.4,3.0,1.3
RESP_0135,Asia Pacific,Sales,10-20 year,<25,EN,2.7,2.8,2.0,2.7,2.2,3.0,2.6,2.1,2.6,2.4,2.2,1.9,1.6,2.1,1.5,2.6,1.5,1.2,2.6,1.8,1.7,1.4,1.2,2.9,1.9
RESP_0136,North America,Engineering,<3 year,45-55,EN,2.5,2.8,2.6,2.8,2.2,2.5,2.6,1.7,3.0,1.7,2.3,2.6,1.8,2.1,2.3,3.0,1.7,1.3,2.5,1.3,2.0,1.4,1.3,3.0,1.4
RESP_0137,Asia Pacific,Finance,10-20 year,55+,EN,2.6,2.0,1.7,2.4,2.3,2.2,2.3,2.2,2.0,1.9,1.0,2.4,1.8,2.6,1.5,2.4,1.9,1.4,2.1,2.4,2.2,1.4,1.6,2.6,1.2
RESP_0138,North America,Product,10-20 year,25-35,EN,2.9,2.4,2.3,2.2,2.7,2.1,2.5,1.8,3.0,2.5,3.0,2.3,1.6,2.5,2.4,2.5,2.0,1.9,2.3,1.4,1.3,1.7,1.3,2.4,1.9
RESP_0139,Asia Pacific,Marketing,>20 year,25-35,EN,2.3,2.1,1.9,2.9,3.0,2.1,2.7,2.1,2.4,2.8,2.0,2.1,1.9,1.5,2.1,2.2,1.3,1.4,2.4,2.2,1.2,1.3,1.5,2.3,1.3
RESP_0140,Europe,Operations,3-10 year,35-45,EN,1.7,2.3,2.4,2.2,2.2,1.9,1.9,1.8,2.3,2.2,2.1,1.6,1.9,2.4,1.8,2.2,1.8,1.5,2.7,2.3,1.6,1.3,1.0,2.4,1.0
RESP_0141,Europe,HR,>20 year,35-45,EN,2.0,2.5,2.5,2.4,1.9,2.9,2.0,2.2,3.0,2.1,1.8,1.8,2.2,2.6,2.0,3.0,1.8,2.1,2.5,2.6,2.2,1.5,2.0,3.0,2.2
RESP_0142,Asia Pacific,Sales,3-10 year,25-35,EN,1.4,3.0,2.3,2.6,2.5,2.5,2.6,1.6,2.6,2.5,2.0,2.3,2.6,2.3,2.3,2.9,1.9,1.3,2.8,1.0,1.0,1.7,1.0,2.3,1.4
RESP_0143,Europe,Finance,3-10 year,<25,EN,2.5,2.5,1.9,2.4,2.4,1.8,2.4,1.6,2.7,2.1,1.4,1.8,1.6,2.6,2.1,2.1,2.4,1.8,2.5,1.3,1.4,1.5,1.5,2.9,1.9
RESP_0144,North America,Engineering,3-10 year,<25,EN,1.7,3.0,2.1,2.3,2.3,2.3,1.6,2.2,2.4,2.3,1.7,1.6,2.2,2.6,2.2,1.9,2.0,1.0,2.4,2.1,1.9,1.8,1.9,2.9,1.0
RESP_0145,North America,HR,3-10 year,<25,EN,2.3,2.1,1.9,3.0,2.0,2.8,1.9,2.3,2.6,2.9,1.7,1.6,1.8,2.9,1.6,1.6,1.8,1.9,2.3,2.1,1.2,1.5,1.7,2.3,1.7
RESP_0146,Asia Pacific,HR,10-20 year,45-55,EN,2.7,2.6,2.3,1.9,2.0,2.3,2.6,1.6,2.5,1.8,2.4,2.1,1.3,1.7,2.2,2.8,1.4,1.9,2.4,2.1,1.9,1.7,1.0,2.9,1.8
RESP_0147,Europe,Product,>20 year,55+,EN,2.5,2.3,2.2,2.6,1.7,2.4,2.2,1.9,3.0,2.7,1.5,2.1,2.4,1.6,2.0,2.4,1.4,1.7,2.9,2.3,1.5,2.6,1.0,2.8,1.0
RESP_0148,North America,Product,>20 year,55+,EN,2.3,2.0,2.8,2.7,1.7,2.5,2.2,2.1,2.8,2.7,1.7,2.0,1.6,2.4,1.9,2.4,1.7,1.6,3.0,2.6,1.8,1.6,1.0,2.5,1.5
RESP_0149,North America,Marketing,>20 year,45-55,EN,2.0,2.1,2.7,2.5,2.3,2.1,2.7,2.0,2.3,1.7,2.0,1.8,2.5,2.9,1.5,2.1,1.7,1.3,2.7,1.7,1.7,2.0,1.0,3.0,1.3
RESP_0150,Asia Pacific,Product,10-20 year,35-45,EN,3.0,2.0,1.7,2.8,2.3,2.6,3.0,1.8,2.1,2.4,2.5,1.6,1.8,2.7,1.3,2.5,1.6,1.6,2.8,1.9,1.2,1.4,2.0,2.8,1.9
RESP_0151,Europe,Marketing,<3 year,<25,EN,2.2,2.0,2.4,2.9,2.0,2.1,2.2,2.7,2.7,1.8,2.0,1.9,1.3,2.2,1.9,2.3,1.7,2.1,2.5,1.8,1.6,1.4,1.4,2.7,1.6
RESP_0152,Europe,Marketing,3-10 year,45-55,EN,2.0,2.2,2.2,2.6,2.4,2.5,2.2,1.8,2.1,2.7,2.3,2.3,2.1,2.1,1.8,2.1,1.4,2.0,2.5,2.2,1.5,1.3,1.0,2.5,2.2
RESP_0153,North America,Finance,<3 year,25-35,EN,2.0,2.6,2.0,2.4,1.9,2.3,1.9,1.5,2.5,2.1,2.7,2.4,2.5,1.9,2.1,1.6,1.7,1.6,2.6,1.8,1.6,1.0,1.5,2.8,2.1
RESP_0154,Asia Pacific,Sales,>20 year,45-55,EN,2.4,2.9,2.0,2.8,2.4,2.5,2.4,1.9,2.3,2.0,1.3,2.5,1.8,2.7,2.6,2.4,1.3,1.5,2.4,1.1,1.4,1.6,1.1,2.5,1.1
RESP_0155,Asia Pacific,Operations,>20 year,<25,EN,2.0,2.6,2.1,2.1,1.8,3.0,2.2,2.4,1.9,3.0,2.4,1.9,1.7,2.5,2.3,2.5,1.8,1.8,2.1,1.7,1.0,1.8,1.1,2.2,1.3
RESP_0156,Asia Pacific,Engineering,10-20 year,55+,EN,2.4,1.7,2.1,2.3,2.2,2.2,2.5,2.4,2.6,2.2,2.0,1.9,1.1,2.6,2.4,3.0,2.6,1.2,2.5,2.7,1.6,1.7,1.0,2.7,2.4
RESP_0157,North America,Sales,>20 year,25-35,EN,2.8,2.1,2.0,2.1,2.0,1.6,2.3,2.6,2.6,2.8,2.4,1.8,1.5,1.9,1.3,2.4,1.0,1.8,2.6,2.0,2.0,1.7,2.1,2.9,1.3
RESP_0158,Europe,Sales,10-20 year,<25,EN,2.2,2.2,2.3,2.2,1.9,1.6,2.1,2.8,2.6,2.6,1.6,1.4,1.3,2.2,1.2,2.1,1.6,1.1,2.0,1.9,1.6,1.9,1.0,2.9,2.2
RESP_0159,Asia Pacific,Finance,10-20 year,25-35,EN,2.4,2.1,1.8,2.7,2.3,2.7,2.1,2.0,2.3,1.9,2.3,2.9,1.6,1.9,1.7,2.2,2.4,1.3,2.4,1.4,1.7,1.6,1.0,2.4,2.2
RESP_0160,Europe,HR,<3 year,35-45,EN,2.3,1.9,2.3,2.7,1.9,2.1,2.1,2.0,2.9,2.7,3.0,1.1,1.4,2.9,1.3,2.9,1.9,1.7,2.2,1.6,2.3,1.6,1.2,2.8,1.5
RESP_0161,Asia Pacific,Marketing,<3 year,25-35,EN,2.2,1.7,2.2,2.8,2.4,2.2,2.5,2.3,2.6,2.0,2.1,2.5,1.6,3.0,1.8,2.4,1.6,1.7,2.1,1.6,1.2,1.7,1.8,2.9,1.0
RESP_0162,Asia Pacific,Operations,10-20 year,45-55,EN,3.0,2.4,2.2,2.3,2.4,2.1,2.2,1.9,2.0,2.4,2.2,2.2,2.1,2.3,1.8,2.7,1.3,1.3,2.3,2.2,2.0,1.8,1.8,2.4,1.7
RESP_0163,Asia Pacific,Marketing,10-20 year,<25,EN,2.3,2.6,2.1,2.4,2.5,2.6,2.1,2.1,2.1,1.4,2.1,2.2,1.9,1.4,1.9,1.7,2.3,1.2,3.0,2.1,1.2,1.1,1.5,2.4,1.6
RESP_0164,Asia Pacific,Finance,<3 year,35-45,EN,2.1,2.4,1.9,2.3,2.5,2.7,2.2,2.0,2.7,1.8,2.1,2.2,2.1,1.4,1.7,2.1,1.8,1.8,3.0,1.6,1.4,2.1,1.5,3.0,1.7
RESP_0165,North America,Engineering,<3 year,<25,EN,1.8,2.5,2.5,3.0,2.6,2.7,2.1,1.7,2.8,2.4,2.0,2.2,1.9,2.7,2.5,2.6,2.1,1.8,2.5,2.1,1.0,2.0,1.0,2.8,1.3
RESP_0166,Europe,Marketing,<3 year,25-35,EN,2.5,2.2,2.1,2.3,2.1,2.0,2.6,2.2,2.8,2.7,1.8,2.4,1.8,2.1,2.5,2.6,1.7,1.8,2.2,1.9,1.0,1.2,1.6,1.9,2.3
RESP_0167,Asia Pacific,HR,3-10 year,45-55,EN,2.8,2.2,1.7,2.7,2.8,1.9,3.0,2.2,2.9,2.8,2.4,2.0,2.3,2.3,2.4,2.8,1.4,1.9,2.5,1.8,1.7,1.6,2.0,2.3,1.0
RESP_0168,Asia Pacific,Operations,<3 year,25-35,EN,1.6,2.3,2.1,2.2,2.6,2.3,2.2,2.2,2.8,2.0,2.3,2.6,1.2,2.3,1.9,2.6,1.4,2.2,2.1,1.7,1.8,1.3,1.1,2.8,1.6
RESP_0169,North America,Marketing,3-10 year,45-55,EN,2.1,2.2,2.2,3.0,2.5,2.1,2.1,1.8,2.4,2.0,2.2,1.0,2.0,2.3,2.5,2.7,1.6,1.9,2.5,1.1,1.7,1.4,1.4,3.0,1.7
RESP_0170,Asia Pacific,Operations,10-20 year,25-35,EN,1.9,2.6,2.2,2.1,1.7,2.0,2.6,2.0,2.5,1.8,2.3,1.2,1.5,2.4,1.6,2.6,1.5,1.2,3.0,1.9,1.8,2.0,1.0,2.9,1.3
RESP_0171,North America,Engineering,10-20 year,55+,EN,2.0,2.6,2.2,2.9,2.1,2.0,2.7,2.2,2.0,2.1,2.2,2.3,1.5,1.0,2.2,2.0,1.1,1.0,2.8,1.8,1.5,2.2,1.7,3.0,1.0
RESP_0172,Asia Pacific,HR,<3 year,25-35,EN,2.3,2.2,2.3,2.5,2.5,2.5,3.0,2.0,2.2,2.4,1.7,2.6,1.7,2.0,1.8,2.6,1.7,1.4,3.0,1.5,1.6,1.9,1.0,2.8,1.2
RESP_0173,Asia Pacific,Engineering,3-10 year,45-55,EN,2.5,2.7,2.4,2.6,2.2,2.1,2.8,1.9,2.1,2.5,1.7,1.6,1.2,2.0,2.0,2.5,2.1,1.8,2.5,1.7,1.8,2.1,1.5,2.6,1.2
RESP_0174,Asia Pacific,Operations,<3 year,<25,EN,1.8,2.5,2.1,3.0,2.1,2.6,2.3,1.9,2.7,2.4,2.1,2.0,1.8,3.0,2.5,2.6,1.8,2.0,2.8,1.8,1.5,1.6,1.0,2.8,1.4
RESP_0175,Europe,Engineering,>20 year,25-35,EN,1.9,2.3,1.7,2.7,2.4,2.6,2.0,2.1,2.0,2.5,2.2,2.2,1.8,2.4,2.6,2.3,1.8,1.2,2.3,1.8,2.0,1.5,1.3,2.6,1.4
RESP_0176,North America,Marketing,10-20 year,25-35,EN,2.4,2.1,2.2,2.2,1.9,2.5,2.5,1.6,1.9,1.9,1.9,2.5,1.7,1.9,2.1,2.4,1.3,1.1,2.2,2.7,1.9,1.4,1.8,2.5,2.0
RESP_0177,North America,Finance,>20 year,25-35,EN,2.5,2.3,2.2,2.6,2.4,2.6,3.0,2.5,2.6,2.2,1.9,1.5,2.1,1.8,1.9,2.6,1.7,1.4,2.2,2.2,1.3,1.4,1.0,2.7,1.5
RESP_0178,North America,Operations,3-10 year,35-45,EN,2.4,1.7,2.1,2.5,2.3,2.4,2.6,2.6,2.4,2.0,2.2,1.9,2.3,2.0,1.7,2.4,1.2,1.4,2.5,1.9,1.2,1.2,1.9,2.7,1.9
RESP_0179,Asia Pacific,Marketing,3-10 year,25-35,EN,1.8,2.3,2.0,2.2,2.3,2.3,2.8,2.3,2.6,2.0,1.6,2.2,1.7,2.3,2.4,1.9,2.3,1.9,2.0,2.6,1.7,1.4,1.6,2.4,1.8
RESP_0180,Asia Pacific,Finance,<3 year,55+,EN,2.0,2.3,2.8,2.7,2.4,2.3,2.1,2.2,2.0,1.8,2.4,1.3,1.7,1.8,1.8,2.5,2.1,2.0,2.3,1.6,3.0,1.5,1.0,2.5,1.5
RESP_0181,Asia Pacific,Product,>20 year,55+,EN,2.3,2.3,1.8,2.6,2.3,2.5,1.7,2.2,1.8,2.2,2.3,2.4,1.9,2.5,1.9,2.2,2.7,1.9,2.2,1.2,1.4,2.1,1.4,2.0,1.5
RESP_0182,Asia Pacific,Finance,3-10 year,25-35,EN,2.3,2.4,2.5,2.8,2.4,2.3,2.0,2.4,2.8,1.9,2.1,2.3,2.2,2.2,1.7,2.2,1.4,1.6,2.5,2.6,2.0,2.0,1.6,2.6,1.5
RESP_0183,Europe,HR,10-20 year,55+,EN,2.4,2.3,2.0,2.3,1.8,2.7,3.0,2.5,2.1,2.6,2.4,1.8,2.0,2.0,2.6,2.5,1.5,1.8,2.9,1.9,1.8,1.6,1.0,2.7,1.8
RESP_0184,North America,HR,>20 year,25-35,EN,2.3,2.2,2.4,2.6,2.2,2.7,2.1,1.8,1.5,2.1,2.5,1.2,1.4,2.4,1.1,2.2,2.2,2.3,2.7,1.5,1.2,1.7,1.5,3.0,2.0
RESP_0185,Europe,HR,>20 year,35-45,EN,3.0,2.5,1.9,2.4,2.0,1.5,2.4,2.7,1.9,2.3,1.7,2.2,1.7,1.7,1.6,2.2,2.3,2.1,2.5,2.2,1.5,1.5,1.4,2.8,1.4
RESP_0186,Asia Pacific,Finance,3-10 year,25-35,EN,2.3,1.6,2.8,2.6,2.4,2.3,2.0,2.0,1.9,3.0,1.5,1.6,1.6,2.7,2.0,2.0,2.2,1.9,2.8,2.1,2.6,2.5,1.1,3.0,1.8
RESP_0187,North America,Finance,3-10 year,<25,EN,2.6,2.8,2.0,2.1,2.7,2.4,2.6,2.1,3.0,1.6,2.2,2.5,1.8,2.3,1.8,2.4,1.2,1.3,2.4,2.0,1.4,1.4,1.2,2.5,1.7
RESP_0188,Asia Pacific,Product,10-20 year,25-35,EN,2.4,2.6,1.5,2.6,2.1,2.8,2.1,1.6,2.5,2.0,2.3,1.7,1.8,2.8,2.4,2.5,1.8,1.7,2.8,1.5,1.9,1.2,1.6,2.4,2.4
RESP_0189,Asia Pacific,HR,>20 year,25-35,EN,2.3,2.1,1.9,2.6,2.0,2.6,2.5,2.2,2.5,2.5,2.3,2.2,1.3,1.9,1.9,2.0,1.9,2.1,3.0,2.1,1.9,2.5,1.7,3.0,1.0
RESP_0190,Asia Pacific,Finance,3-10 year,25-35,EN,2.8,2.7,2.1,2.3,2.0,2.4,2.2,1.9,2.0,2.6,1.9,1.6,1.7,2.4,2.0,2.5,1.8,1.2,2.9,1.2,1.8,1.8,1.3,2.8,1.5
RESP_0191,Europe,Finance,10-20 year,55+,EN,2.5,2.1,1.9,2.3,2.5,2.1,2.2,2.5,2.6,2.7,2.3,1.5,1.8,2.6,1.5,2.5,1.8,1.0,2.6,1.5,1.1,1.6,1.0,2.5,2.6
RESP_0192,Asia Pacific,Product,<3 year,35-45,EN,2.5,2.5,2.0,3.0,2.8,2.9,2.0,2.3,2.3,2.4,1.7,2.5,1.5,1.4,2.8,2.5,1.4,1.5,2.4,1.8,1.9,1.9,1.5,2.7,2.0
RESP_0193,Europe,HR,<3 year,35-45,EN,2.0,2.7,1.8,2.0,2.5,2.0,2.2,2.9,2.8,2.2,2.0,2.4,2.1,2.2,2.0,2.0,1.2,1.5,2.4,2.0,1.7,1.3,1.5,2.6,2.4
RESP_0194,North America,Operations,10-20 year,25-35,EN,2.4,2.1,1.8,3.0,2.4,2.5,2.6,2.0,2.3,2.2,2.6,2.1,2.3,2.2,1.7,2.0,2.0,2.2,2.3,2.0,1.0,1.4,1.5,2.2,1.6
RESP_0195,Europe,HR,10-20 year,<25,EN,2.2,2.6,1.9,2.3,1.8,2.1,2.0,2.0,2.7,1.7,1.2,1.7,2.0,2.3,1.7,2.8,1.6,1.8,2.5,1.5,1.4,1.9,1.5,3.0,1.7
RESP_0196,Europe,HR,<3 year,<25,EN,1.7,3.0,2.7,1.9,2.0,1.9,2.5,2.3,2.7,1.7,1.7,1.9,1.1,1.9,2.5,1.9,2.3,2.0,2.5,1.6,1.9,1.3,1.1,2.7,1.0
RESP_0197,Europe,Product,>20 year,25-35,EN,2.2,2.7,2.1,2.2,2.0,2.0,2.2,2.5,2.2,2.4,1.7,1.9,1.2,2.1,1.9,2.6,1.9,1.2,2.9,1.9,1.7,1.6,1.2,2.8,1.8
RESP_0198,North America,Finance,10-20 year,45-55,EN,1.7,2.7,2.0,2.1,2.0,2.2,2.2,2.4,2.3,2.5,1.9,1.7,1.7,2.3,2.4,2.3,1.4,1.9,2.3,1.9,1.6,1.5,1.2,2.9,1.0
RESP_0199,North America,Marketing,3-10 year,<25,EN,1.6,2.8,1.8,2.4,2.4,2.1,2.0,1.8,3.0,2.7,2.2,1.1,2.0,2.4,1.5,2.5,2.2,1.8,2.4,1.8,1.9,1.6,1.9,2.8,1.9
RESP_0200,Europe,Product,3-10 year,25-35,EN,2.6,1.9,2.1,2.4,2.7,2.5,2.2,1.7,1.9,2.4,1.7,2.3,1.1,2.8,2.3,2.4,2.4,1.9,2.5,1.8,1.0,2.0,1.3,2.1,1.1
RESP_0201,Asia Pacific,Operations,10-20 year,<25,EN,2.3,2.0,1.6,3.0,2.5,2.2,2.1,2.3,2.7,2.0,1.5,1.6,1.6,1.9,2.6,2.2,1.4,1.2,2.5,1.2,1.6,1.1,1.9,2.7,2.4
RESP_0202,North America,Sales,<3 year,25-35,EN,2.2,2.5,2.3,2.1,2.3,2.4,2.2,1.5,3.0,2.6,2.2,2.5,2.1,1.9,2.5,2.7,1.6,1.9,2.5,1.9,1.8,2.1,1.1,2.8,2.4
RESP_0203,Europe,Finance,3-10 year,45-55,EN,2.2,2.4,2.8,2.7,1.8,2.0,2.5,2.2,2.6,3.0,1.8,2.0,1.0,2.7,1.7,2.7,2.1,2.4,2.8,1.7,1.8,1.3,1.5,2.6,1.6
RESP_0204,Europe,Sales,<3 year,<25,EN,2.0,2.3,2.1,1.7,2.6,2.3,2.4,1.9,2.4,2.2,2.4,1.8,2.6,2.4,1.5,2.4,1.6,1.0,3.0,2.0,1.8,1.7,1.0,2.6,1.9
RESP_0205,Asia Pacific,Operations,<3 year,55+,EN,2.2,2.3,2.1,2.8,2.5,2.4,2.7,1.6,2.7,2.5,1.5,1.4,1.5,1.9,2.3,2.2,1.5,1.4,2.9,1.8,1.5,1.6,1.9,2.5,2.1
RESP_0206,Asia Pacific,Sales,<3 year,55+,EN,2.4,2.2,3.0,2.1,2.2,1.9,2.6,2.7,3.0,2.7,1.9,1.9,1.1,3.0,2.2,2.3,2.3,1.3,2.7,1.7,1.9,1.6,1.0,2.7,2.0
RESP_0207,Asia Pacific,Sales,10-20 year,<25,EN,1.9,2.3,1.9,2.8,2.3,2.5,2.7,2.3,2.6,2.0,2.0,1.8,1.7,2.1,1.6,1.8,1.6,1.7,2.2,1.8,2.4,2.0,2.1,2.8,2.1
RESP_0208,Asia Pacific,Operations,>20 year,25-35,EN,2.0,2.7,2.6,2.3,2.2,2.0,2.4,2.5,1.9,2.4,1.9,2.0,2.0,2.1,2.0,2.3,2.1,1.7,2.7,1.4,1.4,2.0,1.4,2.9,2.3
RESP_0209,Asia Pacific,Operations,<3 year,45-55,EN,2.4,2.8,2.1,2.4,2.3,2.0,2.5,1.9,2.5,2.6,2.6,2.1,2.1,2.5,1.8,3.0,1.6,1.6,3.0,2.3,1.6,2.0,1.3,2.6,1.1
RESP_0210,North America,HR,3-10 year,35-45,EN,2.6,1.3,2.6,2.8,1.7,2.1,2.8,2.6,2.8,2.2,2.0,1.9,2.3,1.8,1.7,2.7,1.8,2.1,2.4,1.8,1.2,1.6,1.0,2.6,1.0
RESP_0211,North America,Sales,<3 year,45-55,EN,1.7,2.8,3.0,2.5,2.1,3.0,1.8,2.1,2.6,2.8,2.1,1.8,1.4,2.1,1.6,2.4,1.6,1.1,3.0,1.6,1.1,1.5,1.4,2.2,1.7
RESP_0212,Asia Pacific,Operations,<3 year,<25,EN,1.9,2.2,1.8,2.5,2.5,2.3,2.2,2.1,2.3,2.2,1.2,2.4,1.9,1.9,2.8,2.4,1.4,1.9,2.7,1.9,1.4,1.8,1.3,2.9,1.0
RESP_0213,Asia Pacific,Product,>20 year,55+,EN,1.7,2.2,2.3,2.1,2.2,1.5,1.8,1.7,2.5,2.4,2.0,1.8,1.6,2.5,2.1,2.3,2.3,2.3,2.2,2.0,2.8,1.7,1.4,2.7,1.8
RESP_0214,Europe,Engineering,<3 year,<25,EN,2.6,2.7,2.7,2.6,2.6,2.4,2.3,2.3,2.9,2.0,1.4,1.8,1.9,2.5,1.6,1.7,1.6,1.5,2.3,1.5,1.9,1.6,1.5,2.6,1.3
RESP_0215,North America,HR,>20 year,<25,EN,1.8,2.9,2.3,2.3,2.6,2.7,2.2,2.0,3.0,3.0,2.0,1.5,1.6,2.6,1.6,2.3,1.9,1.3,2.9,2.0,2.4,1.9,1.0,2.9,2.0
RESP_0216,Asia Pacific,Marketing,<3 year,45-55,EN,2.7,2.7,2.1,1.7,2.2,3.0,2.2,2.5,3.0,2.4,1.7,1.0,2.1,1.9,2.1,2.0,1.7,1.6,2.7,1.4,2.1,1.4,1.0,2.7,1.6
RESP_0217,Europe,HR,10-20 year,45-55,EN,2.6,2.5,1.7,2.9,1.9,2.4,2.5,1.0,2.6,3.0,1.2,2.0,1.0,1.8,1.2,2.4,2.1,1.7,2.3,1.6,1.7,1.2,1.0,2.6,1.2
RESP_0218,North America,Marketing,10-20 year,<25,EN,2.4,2.4,2.3,2.3,2.1,2.7,2.2,2.1,2.9,2.2,2.6,2.2,2.0,1.9,2.2,2.3,2.0,1.6,2.9,1.8,2.4,1.5,1.2,2.8,2.0
RESP_0219,Asia Pacific,HR,>20 year,<25,EN,2.7,2.2,2.5,3.0,2.7,2.1,1.4,2.2,3.0,2.3,1.2,1.7,1.7,1.8,1.0,2.4,1.5,2.2,2.6,2.0,1.6,1.6,1.0,2.4,2.0
RESP_0220,North America,Finance,<3 year,55+,EN,2.4,2.4,1.2,2.3,2.5,1.9,2.6,2.2,2.8,2.1,1.7,2.2,1.8,2.2,2.6,2.6,1.1,1.9,2.8,2.2,1.2,1.7,1.4,2.4,2.0
RESP_0221,North America,Operations,3-10 year,55+,EN,2.2,2.2,2.5,2.5,2.6,2.5,1.9,1.5,2.1,2.2,2.1,1.7,2.1,2.0,2.1,2.4,2.4,1.3,3.0,1.6,1.1,1.5,2.7,3.0,1.8
RESP_0222,Asia Pacific,Operations,>20 year,<25,EN,2.6,2.0,1.6,2.9,2.1,2.6,2.0,2.6,2.8,2.0,1.3,2.9,1.7,1.9,2.6,2.7,2.2,1.6,3.0,1.3,1.4,1.8,1.9,2.9,1.6
RESP_0223,North America,Sales,>20 year,25-35,EN,2.1,2.7,2.4,2.2,2.0,2.1,2.1,2.5,2.7,2.5,2.1,2.1,1.2,2.5,1.8,2.4,1.6,1.7,2.8,1.4,1.7,1.4,1.9,2.4,1.2
RESP_0224,Europe,Product,<3 year,35-45,EN,2.2,3.0,2.0,2.4,2.3,2.7,1.8,1.4,2.3,1.7,1.8,2.2,1.4,1.6,2.0,2.7,1.2,1.9,2.8,2.1,2.1,2.5,1.3,2.7,1.4
RESP_0225,North America,Operations,<3 year,<25,EN,2.3,2.3,2.4,2.7,2.8,2.1,2.1,1.8,2.8,2.3,1.3,2.1,1.9,2.1,2.1,2.0,2.4,1.7,2.1,1.8,1.8,1.2,1.6,3.0,1.3
RESP_0226,Asia Pacific,Marketing,10-20 year,<25,EN,2.4,2.0,2.7,2.1,2.8,2.6,2.7,1.9,2.5,2.3,1.8,2.1,2.4,1.7,1.7,2.2,1.8,1.6,2.8,1.8,1.7,1.8,1.5,2.9,1.6
RESP_0227,Asia Pacific,Marketing,>20 year,45-55,EN,2.3,2.5,2.4,2.4,2.5,3.0,2.5,2.7,2.7,2.0,2.1,1.9,1.6,2.2,1.9,2.1,2.7,1.9,2.7,1.8,2.1,2.4,1.7,2.7,2.2
RESP_0228,Asia Pacific,Engineering,<3 year,55+,EN,2.3,2.1,2.4,2.7,2.8,2.2,2.9,2.2,2.7,2.6,1.4,1.6,1.4,2.6,1.9,3.0,1.8,1.1,2.4,1.8,1.8,1.2,1.6,3.0,1.3
RESP_0229,North America,Engineering,3-10 year,55+,EN,2.0,1.8,2.5,2.5,2.1,1.8,2.2,2.9,1.7,2.1,2.7,2.5,1.6,2.3,2.2,2.4,2.4,1.7,2.9,1.9,1.0,1.1,1.0,2.6,2.4
RESP_0230,Asia Pacific,Operations,3-10 year,<25,EN,2.4,1.4,1.8,2.8,2.0,2.4,2.0,1.9,2.7,1.9,2.3,2.0,2.3,2.3,1.6,2.9,1.5,1.5,2.9,1.1,2.2,1.1,1.2,2.8,1.6
RESP_0231,North America,Finance,3-10 year,35-45,EN,2.0,2.7,2.4,2.6,2.3,2.2,2.1,1.6,3.0,2.1,2.0,1.6,1.7,3.0,1.7,2.8,1.8,1.8,3.0,1.9,1.5,1.5,1.3,3.0,1.0
RESP_0232,Asia Pacific,Product,<3 year,35-45,EN,1.7,2.5,2.4,2.3,2.3,1.9,1.9,2.3,2.9,2.1,2.7,2.4,2.4,2.1,2.6,3.0,1.7,1.5,2.3,1.4,1.1,1.3,1.5,2.5,1.7
RESP_0233,Europe,Marketing,<3 year,55+,EN,2.0,2.3,2.8,2.8,2.1,2.2,1.9,2.6,2.9,2.5,2.3,1.7,1.2,2.4,2.4,2.9,1.7,1.5,2.5,2.0,1.5,1.6,1.7,2.5,2.2
RESP_0234,Asia Pacific,Marketing,>20 year,25-35,EN,2.5,2.6,1.9,2.9,1.9,2.4,2.0,2.2,2.8,2.5,2.0,1.4,2.1,2.6,1.6,2.1,2.2,1.5,2.3,1.9,1.3,1.7,1.2,2.6,2.0
RESP_0235,Europe,Finance,>20 year,25-35,EN,2.1,2.6,1.8,2.7,2.0,1.9,1.9,2.9,2.2,2.5,1.4,2.6,1.9,2.3,2.2,2.6,2.1,1.4,2.4,1.8,1.9,1.6,1.7,2.9,1.5
RESP_0236,Asia Pacific,HR,<3 year,35-45,EN,1.7,2.6,2.3,1.9,1.9,2.3,1.7,2.8,2.8,2.3,1.9,1.8,1.0,1.5,2.8,2.9,1.6,1.9,2.8,2.0,1.0,1.0,1.9,2.1,1.5
RESP_0237,North America,Marketing,<3 year,25-35,EN,2.4,2.1,2.2,2.5,3.0,1.8,2.3,2.3,2.4,1.8,2.5,2.1,1.3,2.4,2.7,2.4,1.8,2.1,2.3,2.4,2.0,1.2,1.1,2.5,1.0
RESP_0238,North America,Operations,10-20 year,<25,EN,2.4,2.3,2.1,2.4,2.1,3.0,2.6,1.7,3.0,2.2,2.1,2.4,1.2,1.9,2.7,2.3,2.1,1.4,2.6,2.4,1.8,1.5,1.1,2.5,2.1
RESP_0239,Asia Pacific,Sales,3-10 year,55+,EN,2.3,2.3,2.2,2.3,2.7,2.3,2.4,1.8,2.2,3.0,2.7,2.0,2.4,2.7,1.7,2.2,2.0,1.7,2.5,2.1,1.0,1.6,1.0,2.3,1.3
RESP_0240,Europe,Engineering,3-10 year,55+,EN,2.4,2.5,1.5,2.7,2.3,2.8,1.9,1.9,2.4,2.2,1.9,1.9,1.7,1.4,2.4,3.0,1.9,1.2,2.3,2.0,1.8,1.5,1.7,2.1,1.9
RESP_0241,Asia Pacific,Finance,3-10 year,35-45,EN,1.8,2.3,2.6,2.4,2.0,2.4,2.9,2.3,2.7,2.7,2.2,1.7,1.1,1.8,1.6,2.6,2.1,1.7,2.2,2.4,1.4,1.8,1.4,2.8,1.8
RESP_0242,Asia Pacific,Marketing,10-20 year,25-35,EN,2.1,1.9,2.6,3.0,2.6,2.0,2.2,2.2,2.3,2.9,2.1,1.0,1.9,2.1,2.0,2.3,2.1,2.0,2.7,1.7,1.6,1.6,1.1,2.9,1.8
RESP_0243,Asia Pacific,Operations,>20 year,25-35,EN,3.0,1.3,1.9,2.4,2.8,2.5,2.5,2.5,2.4,2.5,1.8,1.6,2.5,2.3,2.3,2.1,2.0,2.2,2.5,1.4,1.7,1.2,1.0,2.5,1.4
RESP_0244,North America,Engineering,3-10 year,35-45,EN,2.0,2.5,2.2,2.5,2.0,2.9,2.3,1.9,2.9,2.3,2.4,1.8,2.2,2.6,2.5,2.2,1.8,2.3,2.5,2.1,2.5,1.0,1.3,2.7,1.0
RESP_0245,Asia Pacific,Sales,3-10 year,55+,EN,2.5,2.0,1.9,2.7,2.5,2.3,2.6,1.5,2.6,2.0,2.4,2.3,2.1,2.9,2.5,2.4,1.8,1.8,2.6,2.0,1.0,2.4,1.4,2.2,1.2
RESP_0246,Asia Pacific,Marketing,10-20 year,35-45,EN,1.6,1.9,2.1,3.0,2.4,2.4,1.9,1.8,2.2,2.1,1.9,1.9,1.7,1.9,2.1,2.3,1.2,1.6,2.6,1.2,1.4,1.8,1.0,2.3,1.5
RESP_0247,Europe,Engineering,3-10 year,<25,EN,2.5,2.7,2.2,2.3,2.5,2.3,2.4,1.8,2.7,2.3,2.1,2.0,1.7,2.4,1.8,1.9,1.1,1.7,2.5,1.2,1.6,1.6,1.2,2.8,2.1
RESP_0248,Asia Pacific,Operations,3-10 year,55+,EN,2.7,2.4,2.1,2.6,2.4,2.2,2.4,1.5,2.5,2.5,1.8,2.0,1.4,1.7,2.1,2.2,1.2,1.2,2.3,2.1,1.7,1.3,1.2,3.0,2.0
RESP_0249,Europe,Finance,<3 year,45-55,EN,2.3,2.6,2.0,2.9,1.9,2.2,2.7,1.3,2.5,2.2,2.3,2.4,2.1,2.3,2.0,2.3,1.9,2.1,2.4,1.7,1.6,2.0,1.5,3.0,2.0
RESP_0250,Asia Pacific,Finance,>20 year,45-55,EN,2.5,2.5,2.2,2.5,2.4,2.3,2.4,1.6,2.2,2.6,1.5,2.2,1.8,2.6,2.3,2.3,1.7,1.0,2.6,1.4,1.5,1.3,1.0,3.0,1.1
RESP_0251,North America,Marketing,>20 year,25-35,EN,2.1,2.0,2.0,2.6,2.5,2.5,1.6,2.2,2.7,2.1,2.7,2.4,1.7,2.0,2.7,2.4,1.8,1.6,3.0,1.7,1.6,1.3,1.2,2.4,1.3
RESP_0252,Europe,Product,10-20 year,45-55,EN,1.7,2.3,2.7,2.2,2.4,2.4,2.7,2.3,2.7,1.9,1.7,1.5,1.0,2.4,1.9,2.5,1.8,1.7,3.0,1.8,1.9,1.5,1.7,2.3,1.0
RESP_0253,North America,Engineering,<3 year,<25,EN,1.6,1.7,2.2,2.3,2.1,2.1,1.8,1.9,1.9,2.7,2.7,1.1,1.6,2.0,1.9,2.7,1.6,1.6,3.0,1.8,2.3,1.8,1.2,2.5,1.6
RESP_0254,Europe,Sales,10-20 year,25-35,EN,1.9,1.9,2.2,2.8,2.2,2.2,2.6,1.8,3.0,1.8,2.4,2.2,2.8,1.8,1.1,2.8,1.3,1.8,3.0,1.9,1.7,1.8,1.7,2.9,1.1
RESP_0255,Europe,Product,>20 year,55+,EN,2.5,2.5,2.3,2.4,2.5,2.6,2.7,2.4,3.0,2.7,2.3,1.5,1.3,2.1,2.0,2.8,1.0,1.2,2.5,1.5,1.3,1.4,1.0,2.5,2.1
RESP_0256,North America,Sales,<3 year,35-45,EN,2.5,1.9,2.3,2.3,2.1,2.0,1.9,2.1,2.0,2.6,2.0,2.2,1.6,2.1,2.1,2.1,1.7,1.3,2.3,1.1,2.1,1.3,1.9,3.0,1.1
RESP_0257,Asia Pacific,Finance,>20 year,55+,EN,2.3,2.3,2.0,2.2,2.3,2.5,1.8,2.6,1.2,2.3,2.2,1.8,1.0,2.2,2.1,2.1,1.5,1.9,2.6,1.3,1.8,1.2,1.1,2.8,1.6
RESP_0258,North America,Marketing,>20 year,55+,EN,2.2,2.0,2.5,2.0,2.2,1.8,2.6,2.0,2.1,2.5,1.1,2.1,2.3,2.3,1.8,2.0,2.2,1.9,2.4,1.6,2.1,1.8,1.0,2.6,1.5
RESP_0259,Europe,Product,3-10 year,<25,EN,2.1,2.4,1.9,3.0,2.3,2.3,2.9,1.6,2.5,2.0,2.3,1.8,2.0,2.4,2.3,2.6,1.7,1.1,2.9,2.3,1.2,1.9,1.0,2.8,1.8
RESP_0260,North America,Product,<3 year,<25,EN,2.2,2.3,2.4,2.5,2.1,1.9,2.2,1.7,2.4,2.1,2.3,2.0,2.8,1.4,2.1,2.3,1.5,1.6,2.6,2.2,1.6,1.3,1.5,2.6,1.1
RESP_0261,Asia Pacific,HR,3-10 year,25-35,EN,2.8,2.5,2.3,2.8,2.9,2.3,2.2,2.4,2.4,2.0,1.8,2.1,1.6,2.1,1.6,2.8,1.7,1.4,2.4,2.1,1.8,1.4,1.4,2.8,1.3
RESP_0262,Asia Pacific,Product,10-20 year,55+,EN,1.8,1.8,2.2,2.9,2.1,2.5,1.9,2.2,2.5,2.5,2.2,1.5,1.9,2.8,1.1,2.7,2.4,1.1,2.4,2.0,1.2,2.1,1.8,2.3,1.3
RESP_0263,North America,Engineering,>20 year,25-35,EN,2.2,2.3,1.8,3.0,1.8,2.5,2.1,1.7,1.8,2.2,1.5,2.0,2.5,2.3,2.8,2.1,1.4,1.2,2.6,2.8,1.0,1.8,1.1,2.6,1.1
RESP_0264,Asia Pacific,Marketing,10-20 year,45-55,EN,2.6,2.4,1.4,2.9,1.6,1.6,2.0,1.8,3.0,2.2,2.5,1.8,1.9,2.4,2.3,2.3,1.7,1.5,2.1,1.8,1.4,1.8,1.4,3.0,1.6
RESP_0265,Asia Pacific,Sales,3-10 year,<25,EN,2.5,2.2,1.7,2.9,2.5,2.3,2.5,2.4,2.2,2.5,1.8,2.3,1.7,2.4,1.8,2.6,1.5,1.6,2.9,2.0,1.7,2.3,1.8,3.0,1.9
RESP_0266,Asia Pacific,Product,<3 year,55+,EN,2.6,2.7,2.2,2.4,2.3,2.4,2.0,2.4,2.5,2.3,2.5,2.1,2.4,2.0,1.6,2.3,1.0,1.9,2.3,1.6,1.9,1.6,1.2,2.1,2.1
RESP_0267,Asia Pacific,Finance,>20 year,25-35,EN,1.8,1.6,2.2,2.7,2.9,2.6,3.0,2.2,2.1,2.6,2.5,2.2,2.4,2.2,2.2,2.3,2.6,1.9,2.3,2.4,1.3,1.6,1.6,2.9,1.8
RESP_0268,North America,Marketing,<3 year,45-55,EN,1.9,2.9,2.5,2.8,2.2,2.7,2.5,2.2,2.5,2.4,2.1,1.8,1.5,1.8,1.6,2.3,1.7,1.4,2.4,1.9,2.2,1.6,1.4,2.4,1.5
RESP_0269,North America,Product,<3 year,35-45,EN,2.0,1.9,3.0,2.0,2.3,2.7,2.5,1.9,2.1,2.3,1.0,2.1,1.8,2.6,1.5,2.3,2.0,1.7,2.2,1.6,2.2,1.7,1.0,3.0,1.0
RESP_0270,Europe,Operations,>20 year,25-35,EN,2.2,2.6,2.9,2.7,2.2,2.2,2.5,2.0,2.8,2.2,2.7,2.7,1.7,2.2,2.0,2.4,1.5,1.2,3.0,2.2,2.0,1.6,2.2,2.7,1.9
RESP_0271,Europe,Operations,<3 year,<25,EN,2.2,2.7,2.3,2.6,2.5,2.1,2.1,2.5,2.8,2.0,1.2,1.7,2.0,1.9,2.1,2.8,1.8,1.7,2.8,1.4,1.3,1.9,1.4,2.7,1.6
RESP_0272,North America,HR,<3 year,25-35,EN,2.6,2.4,2.5,2.3,3.0,2.7,2.5,2.1,2.7,1.8,2.8,2.5,2.4,2.2,1.9,2.2,2.1,1.4,2.5,2.0,1.3,2.0,1.4,2.2,1.3
RESP_0273,North America,HR,>20 year,35-45,EN,2.6,2.3,2.0,3.0,1.9,2.0,2.3,2.9,2.5,2.4,1.9,2.1,1.7,2.5,2.3,2.3,1.4,1.6,3.0,1.5,1.7,1.1,1.0,3.0,1.9
RESP_0274,North America,Sales,3-10 year,35-45,EN,2.4,2.6,2.2,2.2,1.7,2.8,1.6,2.3,2.3,2.7,1.6,3.0,2.0,2.4,1.7,2.4,1.8,2.2,2.7,2.0,1.8,1.9,1.0,3.0,1.2
RESP_0275,Europe,Finance,>20 year,55+,EN,2.3,2.8,2.8,2.8,2.1,2.3,2.4,2.2,2.1,2.7,2.1,1.7,1.6,2.3,1.4,2.7,1.9,2.1,2.6,1.4,1.1,1.4,1.3,2.5,1.7
RESP_0276,North America,HR,<3 year,45-55,EN,2.1,2.1,2.2,2.2,2.3,1.8,2.5,2.7,3.0,2.3,2.3,1.3,2.4,2.5,1.8,2.8,1.7,1.4,2.7,1.4,2.0,1.2,1.0,2.4,1.9
RESP_0277,Europe,HR,>20 year,25-35,EN,2.2,2.4,2.5,3.0,2.4,2.4,2.1,1.5,2.3,2.2,2.4,2.2,1.9,2.0,1.2,1.8,1.2,1.5,2.9,2.1,1.9,1.4,1.9,2.4,1.9
RESP_0278,North America,Finance,10-20 year,<25,EN,1.7,2.1,2.0,2.4,2.1,2.7,2.5,2.2,2.8,2.2,1.7,1.8,1.8,1.8,1.8,2.2,2.5,1.0,2.5,2.4,1.6,1.9,1.4,2.5,1.0
RESP_0279,Asia Pacific,HR,3-10 year,<25,EN,2.0,2.1,2.7,3.0,2.4,2.1,1.9,2.3,3.0,2.2,1.0,2.3,2.2,1.6,2.1,2.5,1.8,1.3,2.9,1.7,1.0,1.0,1.9,2.9,1.6
RESP_0280,Asia Pacific,Marketing,>20 year,45-55,EN,2.1,1.6,2.0,2.5,2.1,2.8,2.8,2.8,2.5,2.7,2.1,2.1,1.6,1.3,2.3,2.7,1.3,1.6,2.9,1.7,2.1,1.5,1.2,3.0,1.2
RESP_0281,North America,HR,3-10 year,35-45,EN,2.0,2.0,1.7,2.6,2.1,2.5,1.7,1.7,2.5,2.8,2.2,1.8,1.2,1.9,2.0,1.7,1.4,1.3,2.5,1.8,1.4,1.8,1.4,2.6,1.9
RESP_0282,Asia Pacific,Marketing,3-10 year,25-35,EN,2.5,2.3,2.5,2.1,1.5,1.9,2.7,1.5,2.3,2.6,2.0,2.5,1.0,2.1,2.5,2.1,2.2,1.5,2.7,2.2,1.8,1.4,1.6,2.5,1.7
RESP_0283,Asia Pacific,HR,3-10 year,55+,EN,2.7,2.2,2.5,3.0,2.3,2.5,2.5,2.2,2.8,2.2,1.7,1.4,1.7,2.6,1.6,2.5,1.8,1.4,2.0,2.3,1.8,2.7,1.8,3.0,1.0
RESP_0284,Europe,Finance,>20 year,35-45,EN,1.7,1.6,2.1,2.3,2.3,2.6,2.1,1.4,3.0,2.0,1.6,2.4,1.6,2.2,2.2,2.7,1.7,2.1,2.0,2.1,1.3,2.1,1.5,2.5,1.9
RESP_0285,Asia Pacific,Sales,<3 year,45-55,EN,1.6,2.1,1.6,2.6,2.2,2.5,2.3,1.6,2.0,2.3,1.7,1.8,2.2,2.5,2.7,2.3,1.6,1.7,2.4,1.6,1.5,2.3,1.7,2.9,2.2
RESP_0286,North America,Engineering,10-20 year,35-45,EN,2.6,1.9,2.4,2.9,2.5,2.2,2.5,2.1,2.2,2.0,2.3,1.6,1.5,2.5,2.1,2.6,1.4,1.8,2.4,1.4,1.4,2.1,1.3,3.0,1.0
RESP_0287,Asia Pacific,Marketing,<3 year,45-55,EN,1.8,2.8,2.7,2.2,2.3,2.5,2.2,2.2,2.5,1.8,1.9,2.0,1.8,1.5,2.3,2.4,1.4,2.2,2.5,1.7,1.9,2.4,1.7,2.9,1.2
RESP_0288,Europe,Product,>20 year,35-45,EN,2.3,2.5,2.0,1.9,2.3,2.8,2.6,2.1,2.9,2.4,2.4,1.3,1.3,2.5,2.6,2.5,1.6,1.3,2.5,2.2,1.5,2.0,1.7,3.0,1.7
RESP_0289,Europe,Finance,10-20 year,55+,EN,2.3,2.0,1.8,2.3,2.3,2.7,1.8,2.0,2.6,1.7,1.7,1.7,1.5,2.3,1.9,2.2,1.9,2.2,3.0,1.1,1.8,1.5,1.5,2.6,1.6
RESP_0290,Asia Pacific,Finance,>20 year,55+,EN,2.4,2.5,2.4,2.0,2.4,2.4,2.5,1.8,1.6,2.5,1.9,2.1,1.8,2.3,2.3,1.8,2.2,1.5,3.0,1.6,1.3,1.5,1.6,2.6,1.8
RESP_0291,North America,Operations,<3 year,<25,EN,2.5,3.0,2.1,2.2,2.2,2.2,2.3,1.8,2.8,2.4,1.5,2.4,1.5,1.7,2.0,1.9,2.0,1.0,2.3,2.4,1.3,1.4,1.9,2.5,1.9
RESP_0292,Asia Pacific,Operations,3-10 year,<25,EN,2.7,2.5,2.2,2.7,2.8,2.1,2.0,2.4,1.8,2.5,2.2,1.1,1.5,2.8,1.4,2.5,1.4,1.4,3.0,1.8,1.8,1.6,1.0,2.3,2.1
RESP_0293,Asia Pacific,Engineering,10-20 year,<25,EN,2.8,2.3,1.6,2.3,1.8,1.9,2.4,1.7,2.9,2.3,2.0,1.9,2.1,2.5,2.1,2.6,1.7,1.8,2.5,1.8,1.5,1.4,1.1,2.8,2.1
RESP_0294,North America,Operations,<3 year,35-45,EN,2.7,1.9,2.6,2.4,2.5,2.0,2.3,2.2,2.0,2.5,2.5,1.9,2.3,2.1,2.3,1.7,2.6,2.1,2.5,1.1,1.7,1.0,1.6,2.8,1.2
RESP_0295,Europe,Marketing,<3 year,45-55,EN,2.6,2.3,1.6,2.8,2.2,1.8,2.8,2.8,2.5,3.0,2.0,1.8,1.5,2.9,1.7,2.6,1.6,1.4,2.9,1.7,1.4,2.1,2.0,2.9,1.3
RESP_0296,Asia Pacific,Product,>20 year,55+,EN,2.1,1.8,1.9,1.8,2.2,3.0,2.5,1.9,3.0,1.7,2.2,2.0,1.7,2.5,1.5,2.5,1.9,1.3,3.0,1.7,1.5,1.2,1.3,3.0,1.5
RESP_0297,Europe,Finance,>20 year,25-35,EN,2.5,2.2,2.0,2.8,2.3,2.7,2.3,1.6,1.3,1.7,1.3,2.1,1.4,1.4,1.9,2.1,2.0,1.8,2.8,1.0,1.6,1.6,1.0,2.1,1.6
RESP_0298,Asia Pacific,Engineering,<3 year,55+,EN,2.7,2.1,1.9,3.0,1.9,2.6,2.7,1.3,2.3,2.8,1.5,2.5,1.8,2.2,2.0,2.5,1.5,1.5,2.7,1.9,1.7,1.3,1.7,2.7,1.0
RESP_0299,Asia Pacific,Marketing,10-20 year,25-35,EN,2.5,2.3,2.4,3.0,2.2,2.9,2.7,2.1,2.7,2.4,2.0,2.8,2.0,1.9,1.6,2.1,2.0,1.5,2.7,2.1,2.4,1.5,1.0,3.0,1.0
RESP_0300,Asia Pacific,Finance,10-20 year,35-45,EN,1.8,2.4,2.6,2.3,2.7,2.1,2.6,1.6,2.6,1.6,1.9,2.2,1.6,1.8,2.3,2.4,1.6,1.6,3.0,2.2,2.1,1.8,1.5,2.0,1.3
RESP_0301,Europe,Marketing,3-10 year,45-55,EN,2.8,2.5,2.1,3.0,2.3,2.1,2.3,1.9,2.6,2.8,2.0,2.0,2.1,2.7,1.8,2.5,2.1,1.7,2.0,2.1,1.8,1.8,1.0,2.7,1.9
RESP_0302,Asia Pacific,Finance,10-20 year,25-35,EN,2.0,2.6,1.8,2.4,2.4,2.2,2.5,2.2,3.0,1.8,2.0,1.6,2.0,1.6,2.1,2.2,1.5,1.1,2.5,2.2,1.6,1.9,2.1,2.8,1.4
RESP_0303,Asia Pacific,Marketing,10-20 year,<25,EN,2.1,1.8,2.4,2.4,2.4,1.9,2.5,1.8,2.5,2.6,2.3,2.0,1.1,3.0,2.7,2.6,1.5,1.6,2.4,2.2,1.7,1.3,1.2,3.0,2.2
RESP_0304,Asia Pacific,Engineering,3-10 year,<25,EN,2.8,2.2,2.0,3.0,2.7,2.4,2.6,1.4,2.2,2.1,1.7,1.4,2.0,2.8,2.0,2.6,1.8,1.4,2.9,1.3,1.0,1.0,1.7,2.7,1.8
RESP_0305,Asia Pacific,Sales,<3 year,25-35,EN,2.7,2.2,1.9,2.5,2.4,2.2,2.5,2.1,2.4,2.2,2.1,1.5,1.4,2.1,2.2,3.0,1.7,1.0,2.4,2.0,1.2,1.1,1.7,2.8,1.0
RESP_0306,Asia Pacific,Operations,>20 year,<25,EN,2.0,2.7,2.4,2.1,1.6,2.4,2.2,2.2,2.7,2.0,1.8,1.6,1.5,2.4,2.1,1.9,2.1,1.5,2.8,1.4,1.2,1.7,1.0,2.6,1.1
RESP_0307,North America,HR,<3 year,<25,EN,2.3,2.2,2.2,2.6,2.3,2.1,2.7,2.2,2.1,2.5,2.4,2.0,1.8,1.4,1.7,2.7,1.5,1.5,2.3,1.9,1.8,1.8,1.0,2.7,2.2
RESP_0308,Asia Pacific,Finance,3-10 year,25-35,EN,2.6,1.7,2.4,2.9,2.1,1.8,1.5,2.7,2.5,2.1,1.9,1.2,2.0,3.0,1.7,3.0,1.8,2.2,2.7,1.9,2.3,1.9,1.5,2.1,1.0
RESP_0309,Europe,Sales,10-20 year,45-55,EN,2.5,2.4,2.1,2.3,2.2,2.7,2.6,1.9,2.5,2.5,2.2,2.2,1.4,1.7,2.5,2.9,1.3,1.6,2.8,1.0,1.2,1.6,1.2,2.8,2.2
RESP_0310,North America,Marketing,10-20 year,25-35,EN,2.0,2.2,2.0,2.5,2.3,2.2,2.7,2.2,2.7,2.7,2.2,1.6,1.3,2.3,1.9,2.4,1.8,2.5,2.2,1.1,1.7,1.4,1.5,2.9,2.1
RESP_0311,Asia Pacific,Product,<3 year,<25,EN,2.5,2.6,2.9,2.8,2.3,2.0,2.1,1.9,2.7,2.4,1.5,1.8,2.2,2.3,2.2,2.5,2.4,1.7,2.5,1.5,1.7,1.0,1.3,2.6,1.1
RESP_0312,Asia Pacific,Finance,3-10 year,<25,EN,2.0,2.3,2.5,2.5,1.8,2.9,2.4,1.9,2.1,2.4,2.0,2.6,1.7,1.9,2.4,2.7,1.9,1.8,2.6,1.9,2.1,1.9,1.3,3.0,1.0
RESP_0313,Europe,Operations,3-10 year,25-35,EN,2.6,2.6,2.7,2.5,2.9,2.0,2.2,2.1,2.1,1.5,2.3,1.6,1.6,2.8,2.2,2.9,1.8,1.8,2.5,1.5,1.8,1.4,1.7,2.5,1.5
RESP_0314,Europe,Operations,10-20 year,25-35,EN,2.3,2.1,2.2,2.1,2.7,2.1,2.4,2.0,2.6,2.5,1.9,1.3,2.2,2.1,2.1,2.6,1.6,1.8,2.4,1.9,1.6,1.4,1.4,2.4,1.7
RESP_0315,Europe,Engineering,<3 year,35-45,EN,2.8,2.3,2.1,2.1,2.9,1.8,2.4,1.9,2.5,1.8,2.4,1.6,2.3,1.8,2.4,2.2,1.6,1.6,2.3,1.5,1.3,1.7,1.4,2.7,1.5
RESP_0316,Asia Pacific,Finance,<3 year,45-55,EN,2.5,2.1,2.3,2.5,2.5,2.4,2.5,1.9,2.6,2.0,2.5,1.7,2.3,2.1,2.1,2.3,1.4,1.0,2.3,1.7,1.7,2.0,1.2,2.4,1.0
RESP_0317,Europe,Sales,3-10 year,45-55,EN,2.7,2.5,2.3,3.0,2.4,2.5,2.2,1.6,2.3,2.3,2.0,2.8,1.8,2.7,1.8,2.3,1.3,1.3,2.8,1.8,2.0,1.7,1.3,3.0,1.6
RESP_0318,Europe,Engineering,10-20 year,55+,EN,2.7,2.6,2.2,1.7,2.3,2.7,2.5,2.3,1.9,2.0,2.2,2.2,2.3,2.1,2.2,2.4,1.5,1.0,2.7,1.9,1.4,1.0,1.7,2.6,1.8
RESP_0319,Asia Pacific,Operations,>20 year,35-45,EN,2.1,2.2,2.6,1.9,3.0,2.3,2.3,2.0,2.3,2.7,1.6,2.1,1.6,1.9,3.0,2.5,2.0,2.0,2.2,2.4,1.0,1.3,1.2,2.9,1.7
RESP_0320,Europe,Sales,>20 year,45-55,EN,2.2,2.3,1.8,2.0,2.6,2.5,2.9,1.8,2.7,2.2,2.5,2.4,1.9,2.1,2.4,2.6,1.6,1.1,2.5,2.3,2.1,1.2,1.0,3.0,1.1
RESP_0321,Europe,Sales,10-20 year,25-35,EN,2.5,2.1,2.7,2.2,2.7,2.4,2.4,1.4,1.7,2.2,2.1,1.5,1.4,2.4,2.2,2.4,2.1,1.2,2.5,2.4,1.6,1.7,2.3,2.3,1.9
RESP_0322,North America,Product,3-10 year,45-55,EN,2.9,2.4,1.7,2.8,2.1,2.4,2.1,2.2,2.1,2.5,2.3,2.0,2.5,2.3,2.4,2.4,2.1,1.1,2.6,1.4,1.7,1.8,1.7,2.8,1.5
RESP_0323,North America,Finance,10-20 year,25-35,EN,2.3,2.7,2.1,2.5,2.4,2.2,2.4,2.0,2.2,2.3,2.0,2.8,1.5,2.1,1.9,2.3,2.0,2.4,2.5,2.0,1.0,1.4,2.0,2.7,1.8
RESP_0324,North America,Operations,>20 year,<25,EN,2.1,1.9,2.9,2.0,2.1,2.0,2.2,1.8,2.2,1.9,2.3,1.9,1.6,2.3,1.4,2.5,1.8,1.6,2.8,2.4,1.7,1.5,1.0,2.0,1.7
RESP_0325,Europe,Marketing,<3 year,35-45,EN,1.7,3.0,2.2,2.5,2.2,1.6,2.7,1.7,2.7,2.6,2.1,2.2,2.3,1.9,2.1,2.3,1.2,1.7,3.0,2.3,2.3,1.0,2.1,2.8,2.2
RESP_0326,Asia Pacific,Marketing,10-20 year,55+,EN,2.2,2.6,2.3,2.1,1.5,2.4,2.5,1.8,2.1,2.5,2.7,1.8,1.4,2.3,2.3,2.3,2.5,1.9,2.5,1.2,2.1,2.1,1.3,2.8,1.5
RESP_0327,North America,Product,<3 year,45-55,EN,1.9,2.6,2.4,2.3,2.0,2.7,2.0,2.1,2.5,1.8,2.1,2.0,1.9,2.3,2.9,2.7,1.8,1.6,3.0,2.1,1.1,2.0,1.9,3.0,1.4
RESP_0328,North America,Engineering,>20 year,45-55,EN,2.1,2.6,2.3,2.5,1.6,2.7,2.5,2.1,2.4,2.1,1.9,2.3,1.6,2.1,1.9,2.4,1.6,1.5,2.7,1.5,1.5,2.4,1.4,2.4,1.2
RESP_0329,Asia Pacific,HR,<3 year,25-35,EN,2.7,1.8,2.2,2.9,2.3,2.1,3.0,1.4,3.0,2.3,2.5,1.5,1.5,1.8,2.0,2.5,2.2,1.0,2.6,2.1,2.0,1.4,1.2,2.7,1.7
RESP_0330,Asia Pacific,Finance,3-10 year,45-55,EN,2.8,2.4,2.3,2.3,2.1,2.3,2.0,1.7,2.2,2.7,2.2,1.7,2.1,1.9,1.2,2.6,2.4,1.8,2.0,1.8,1.5,1.8,1.1,2.6,1.0
RESP_0331,Europe,Product,10-20 year,45-55,EN,2.4,2.3,2.1,2.6,2.5,2.6,2.2,2.1,2.6,2.2,2.3,2.5,1.9,1.8,2.2,2.5,1.5,1.7,2.4,2.1,1.8,1.7,1.4,2.1,1.1
RESP_0332,Europe,Finance,10-20 year,35-45,EN,2.3,2.9,2.1,2.5,2.8,2.2,2.0,2.2,2.9,2.0,2.2,2.0,2.0,2.3,1.8,2.4,1.7,1.6,2.3,1.6,1.4,1.8,1.0,2.7,1.3
RESP_0333,North America,HR,3-10 year,35-45,EN,1.8,2.2,2.0,2.0,2.5,2.8,1.9,2.4,2.3,2.3,1.9,2.0,2.0,1.8,2.5,2.6,2.1,1.3,2.3,2.2,1.1,1.7,1.8,2.7,2.1
RESP_0334,North America,Product,<3 year,<25,EN,2.2,1.4,2.2,2.4,2.0,1.7,2.0,2.0,2.7,2.4,2.6,1.6,2.2,2.2,2.3,2.3,2.2,1.7,2.4,1.8,1.5,1.8,1.0,2.7,1.8
RESP_0335,North America,Engineering,3-10 year,25-35,EN,2.5,2.2,2.4,3.0,2.1,2.9,2.1,2.6,2.3,2.6,2.1,1.3,2.6,1.8,1.5,2.2,2.7,1.2,2.7,1.4,1.2,1.0,1.5,2.7,1.1
RESP_0336,Europe,HR,>20 year,35-45,EN,2.6,2.0,2.3,3.0,2.6,2.6,2.1,1.5,3.0,3.0,2.6,1.9,1.3,1.8,1.3,2.4,2.4,1.6,2.7,2.3,1.4,2.4,2.2,2.7,1.4
RESP_0337,Europe,HR,>20 year,55+,EN,2.5,2.2,1.7,2.9,2.7,2.4,1.9,1.7,2.5,2.1,1.9,2.4,2.1,2.8,1.6,2.3,2.1,1.8,3.0,1.9,2.3,1.8,1.8,2.6,1.6
RESP_0338,Asia Pacific,Product,<3 year,45-55,EN,2.6,1.6,2.0,2.3,2.3,2.9,2.5,2.1,2.9,2.4,2.6,1.7,1.3,1.4,2.0,2.0,1.4,2.0,2.1,1.8,1.6,1.6,2.0,2.5,2.2
RESP_0339,Asia Pacific,HR,10-20 year,25-35,EN,2.5,2.4,2.4,2.7,2.2,2.1,2.4,2.3,3.0,2.7,1.8,2.0,2.1,2.6,2.4,2.4,1.4,1.3,2.7,1.9,1.2,1.6,1.7,2.4,2.0
RESP_0340,Asia Pacific,Sales,3-10 year,35-45,EN,2.2,2.7,1.9,2.1,2.1,2.3,2.2,2.0,2.6,2.2,2.0,1.3,2.0,2.2,2.6,2.1,1.2,1.8,2.7,1.4,1.0,2.2,2.0,2.0,1.4
RESP_0341,Europe,Finance,10-20 year,25-35,EN,2.2,2.0,2.0,2.5,2.1,2.7,2.0,2.1,2.7,2.3,2.3,1.8,2.0,2.5,2.4,1.8,2.0,1.9,2.5,1.6,1.3,1.2,1.7,3.0,1.4
RESP_0342,Europe,Finance,<3 year,45-55,EN,2.1,2.6,1.9,2.6,2.1,2.3,2.0,1.8,2.7,2.5,1.8,1.4,2.8,2.2,2.1,2.0,2.2,2.1,2.1,1.8,1.5,2.6,2.0,2.3,1.3
RESP_0343,North America,Finance,3-10 year,25-35,EN,2.9,2.3,2.3,2.3,2.5,2.1,1.7,2.3,2.5,1.9,2.7,1.7,2.0,2.1,2.6,2.3,1.2,1.9,3.0,1.7,1.9,1.7,1.2,3.0,1.3
RESP_0344,Asia Pacific,Operations,10-20 year,35-45,EN,2.3,2.0,2.8,2.9,2.6,2.8,2.3,2.0,2.1,2.1,1.6,1.8,1.9,2.6,2.4,2.0,2.0,2.0,2.5,2.2,2.0,1.1,2.3,2.5,2.0
RESP_0345,Asia Pacific,HR,>20 year,55+,EN,2.1,2.2,2.1,1.9,1.8,2.4,2.0,2.5,2.6,2.5,2.6,1.9,1.6,2.5,2.2,2.3,2.3,1.5,2.6,1.8,1.2,1.6,2.0,2.8,1.6
RESP_0346,Europe,Finance,10-20 year,<25,EN,2.2,2.5,2.0,2.6,2.5,1.9,2.4,1.3,2.7,2.5,2.3,1.8,1.9,2.8,2.6,2.4,1.8,2.0,2.1,1.7,2.1,2.0,1.5,2.2,1.6
RESP_0347,North America,Marketing,10-20 year,35-45,EN,2.3,2.5,2.5,3.0,2.0,1.6,2.2,1.5,3.0,2.0,2.2,2.4,1.9,3.0,1.9,2.1,1.5,1.9,2.5,1.5,1.8,1.9,1.5,3.0,1.6
RESP_0348,Asia Pacific,Product,3-10 year,55+,EN,2.1,1.9,2.5,2.4,2.9,2.6,2.2,2.3,3.0,2.6,2.2,1.8,2.5,2.7,1.8,3.0,1.9,1.3,2.4,2.1,1.3,1.2,1.2,2.6,1.3
RESP_0349,North America,HR,3-10 year,55+,EN,2.4,2.4,1.9,2.4,2.0,2.8,2.4,1.7,2.5,2.4,1.1,2.5,1.4,3.0,2.3,2.1,1.7,1.9,2.5,2.2,1.4,1.6,1.8,2.9,1.2
RESP_0350,Asia Pacific,Marketing,10-20 year,55+,EN,2.5,2.5,2.1,2.3,2.9,2.6,2.5,1.8,3.0,2.3,2.1,2.0,1.5,2.3,2.3,2.3,1.9,1.6,2.9,1.7,1.7,1.8,1.3,2.5,1.3
RESP_0351,Asia Pacific,Sales,<3 year,25-35,EN,2.2,2.5,2.5,2.9,2.1,2.6,3.0,2.1,2.5,2.2,1.6,2.3,1.8,2.1,2.3,2.6,1.6,1.4,2.4,2.5,2.2,1.9,1.2,2.6,1.7
RESP_0352,Europe,Product,>20 year,<25,EN,3.0,1.4,2.2,2.0,2.1,2.3,2.2,1.9,2.3,2.2,1.9,2.0,1.8,2.7,1.2,2.5,1.8,1.6,2.4,1.7,1.0,1.7,1.6,2.5,2.4
RESP_0353,North America,HR,3-10 year,<25,EN,2.1,2.4,2.4,2.0,3.0,2.7,1.7,2.2,2.3,2.2,2.1,2.4,1.6,2.0,2.1,2.6,1.4,2.2,2.4,2.1,1.8,1.8,1.2,2.2,1.6
RESP_0354,Asia Pacific,Marketing,10-20 year,<25,EN,2.3,2.1,1.7,2.3,2.8,2.6,2.1,1.9,2.2,1.8,2.0,2.7,2.5,2.4,1.8,2.0,2.2,1.8,2.5,1.6,1.8,1.3,1.5,2.3,2.5
RESP_0355,Europe,Operations,<3 year,<25,EN,1.9,2.2,2.4,2.9,2.6,2.3,2.1,1.7,3.0,2.3,2.1,2.5,2.0,2.1,2.3,2.2,1.3,2.1,2.4,1.7,1.5,1.4,1.8,2.8,1.5
RESP_0356,Europe,Finance,10-20 year,<25,EN,1.9,2.2,1.9,2.5,2.6,2.0,2.2,2.4,2.9,2.4,3.0,2.8,1.2,1.5,2.3,2.8,1.7,1.4,2.4,1.4,2.1,1.4,1.5,2.2,2.0
RESP_0357,North America,Finance,10-20 year,25-35,EN,2.0,3.0,2.8,2.5,2.2,2.1,2.3,1.6,2.5,2.8,1.8,1.9,1.1,2.3,2.1,2.4,1.7,1.5,2.8,1.8,1.7,1.7,1.8,2.9,1.7
RESP_0358,North America,HR,3-10 year,45-55,EN,2.8,2.8,2.1,2.5,2.4,2.2,2.4,1.9,2.9,2.3,1.8,1.6,1.9,2.3,2.2,2.1,1.2,1.8,3.0,1.4,2.2,1.7,1.4,2.6,1.0
RESP_0359,Asia Pacific,Marketing,>20 year,25-35,EN,2.1,2.7,2.4,2.4,2.9,1.8,2.2,2.2,1.5,2.2,1.6,1.6,1.7,1.5,1.7,1.9,1.8,1.6,2.5,2.1,1.5,1.6,1.0,2.0,1.5
RESP_0360,Asia Pacific,Finance,3-10 year,55+,EN,2.2,2.5,1.8,2.4,2.7,2.0,2.5,2.1,2.6,2.0,2.1,2.1,1.2,2.2,2.2,2.3,1.0,1.6,3.0,1.7,2.2,1.3,1.0,2.7,1.3
RESP_0361,Europe,Engineering,<3 year,<25,EN,2.6,2.1,2.1,2.3,1.8,2.0,2.4,2.2,2.6,2.2,2.4,2.0,2.1,1.5,1.0,2.5,1.3,1.5,2.5,2.4,1.8,1.7,1.7,2.8,1.4
RESP_0362,Asia Pacific,Engineering,<3 year,25-35,EN,2.7,3.0,2.9,2.0,2.6,1.8,2.4,2.2,2.0,2.0,2.1,2.1,1.4,1.9,1.4,2.0,1.7,1.9,2.9,2.4,1.8,1.7,1.6,2.8,1.0
RESP_0363,Europe,Operations,>20 year,<25,EN,2.7,2.3,1.7,2.7,2.3,2.1,1.8,1.6,2.3,2.2,1.5,2.0,1.4,2.3,2.5,2.5,1.8,1.4,3.0,1.7,2.6,1.1,1.5,3.0,1.3
RESP_0364,Europe,Product,3-10 year,35-45,EN,2.2,2.5,2.5,2.4,2.8,1.7,2.7,2.5,2.2,1.8,1.9,2.2,1.7,2.4,2.8,2.0,1.1,1.6,2.4,1.6,2.1,1.6,1.4,2.6,1.6
RESP_0365,Europe,Finance,3-10 year,35-45,EN,2.4,2.7,2.2,1.8,2.1,2.4,2.6,2.2,2.8,1.8,2.0,2.5,1.4,2.6,2.4,2.0,1.9,1.7,2.5,1.3,1.5,1.5,1.0,2.3,1.2
RESP_0366,Asia Pacific,Finance,10-20 year,55+,EN,1.9,2.6,2.2,2.3,1.6,2.2,2.5,1.8,2.1,2.3,2.1,1.2,2.3,1.7,1.8,2.8,1.8,2.0,3.0,1.3,2.0,2.1,1.2,2.6,1.0
RESP_0367,Asia Pacific,Marketing,10-20 year,45-55,EN,2.2,2.0,2.5,3.0,3.0,2.4,2.6,2.2,3.0,2.5,2.3,1.5,1.7,2.5,2.3,2.7,1.8,1.4,2.6,1.8,1.7,1.2,1.3,2.7,1.0
RESP_0368,North America,Sales,<3 year,<25,EN,2.6,2.7,2.0,3.0,2.7,3.0,2.4,2.1,1.9,2.0,1.9,2.0,2.7,2.1,1.3,2.6,2.0,1.4,3.0,1.1,2.1,1.5,1.0,3.0,1.9
RESP_0369,Europe,HR,>20 year,35-45,EN,2.0,2.0,2.2,2.7,2.4,1.9,2.5,2.2,2.1,2.0,2.3,1.9,2.4,2.4,1.8,2.4,1.8,1.3,2.3,2.0,1.9,1.8,2.0,2.5,2.3
RESP_0370,North America,HR,<3 year,55+,EN,2.0,1.9,2.0,2.7,2.0,2.2,2.6,1.9,2.2,1.7,1.8,2.3,1.5,2.2,1.9,2.2,2.1,2.2,2.9,1.6,2.4,2.0,1.2,2.5,2.0
RESP_0371,North America,Finance,<3 year,25-35,EN,2.4,2.0,2.0,2.4,2.0,2.7,2.6,2.4,2.8,2.0,1.8,2.6,1.8,1.6,2.1,2.6,2.0,1.3,3.0,1.3,1.6,2.3,1.6,3.0,1.2
RESP_0372,Europe,Marketing,10-20 year,35-45,EN,2.4,1.7,2.1,2.8,2.6,2.5,2.1,1.4,2.3,2.2,1.9,2.2,2.6,2.2,1.9,2.3,1.8,1.3,2.6,2.0,1.7,1.8,1.6,2.2,1.9
RESP_0373,Asia Pacific,Sales,10-20 year,25-35,EN,2.9,2.5,2.6,2.6,2.6,1.6,2.0,2.1,2.5,2.3,2.2,2.2,2.1,2.5,2.5,2.8,1.9,2.3,3.0,1.5,1.8,1.0,1.0,2.6,1.2
RESP_0374,Asia Pacific,Finance,<3 year,35-45,EN,2.1,2.7,2.2,2.1,2.1,2.5,2.0,1.7,2.7,2.3,1.9,2.4,2.2,2.9,1.7,2.5,1.8,1.7,2.3,1.3,1.6,1.3,1.8,2.2,1.0
RESP_0375,Europe,Engineering,<3 year,<25,EN,2.2,2.3,2.3,2.7,2.0,1.9,3.0,1.9,2.7,1.7,1.9,1.9,2.0,1.1,2.1,2.1,1.9,1.2,2.3,1.7,1.2,1.4,1.0,2.2,2.0
RESP_0376,Asia Pacific,HR,3-10 year,35-45,EN,1.8,2.1,1.8,2.6,2.7,1.9,2.2,1.5,2.4,2.3,1.7,1.8,1.2,2.2,2.4,2.1,1.6,1.8,3.0,1.3,1.5,1.7,1.4,2.0,1.8
RESP_0377,North America,Operations,10-20 year,55+,EN,2.9,2.6,2.3,2.6,2.1,2.2,2.3,2.3,3.0,2.7,1.4,2.1,2.1,2.4,1.7,3.0,1.4,1.2,2.7,2.5,1.3,1.5,1.8,2.7,1.5
RESP_0378,Asia Pacific,Product,>20 year,<25,EN,2.5,2.4,2.5,3.0,2.4,2.4,2.4,2.3,2.5,2.3,2.5,2.6,1.2,2.2,1.7,2.3,1.9,1.8,2.6,1.1,1.2,2.0,1.0,3.0,1.8
RESP_0379,North America,HR,>20 year,45-55,EN,2.7,1.9,2.3,3.0,2.0,2.0,2.0,2.4,2.6,1.6,2.1,1.9,1.8,1.9,2.1,2.7,1.6,1.0,2.5,2.1,1.4,1.0,1.7,3.0,1.6
RESP_0380,Europe,Operations,3-10 year,45-55,EN,1.7,2.8,2.4,2.6,1.9,2.3,2.2,2.1,2.2,2.6,1.9,1.9,1.5,2.3,2.6,2.4,1.9,2.3,3.0,2.0,1.8,1.4,1.1,2.7,1.7
RESP_0381,North America,Product,>20 year,<25,EN,3.0,2.6,1.8,2.7,2.3,2.4,2.3,2.5,2.6,2.3,2.4,2.1,1.8,2.3,2.0,2.4,1.6,1.3,2.3,1.3,1.2,1.5,1.4,2.6,1.0
RESP_0382,Asia Pacific,Engineering,>20 year,35-45,EN,2.9,2.5,2.1,2.4,2.7,1.9,2.5,2.2,2.5,2.6,2.0,1.8,1.8,1.6,2.2,2.7,1.6,1.3,2.4,1.8,1.7,2.2,2.0,2.9,1.6
RESP_0383,North America,Operations,<3 year,<25,EN,2.2,2.1,1.7,2.8,1.9,2.1,2.6,1.9,2.2,2.2,2.2,2.6,1.4,1.9,1.9,2.5,1.5,1.8,2.3,1.1,1.8,1.9,1.8,2.1,1.3
RESP_0384,North America,Product,<3 year,45-55,EN,2.2,2.5,1.4,2.4,2.3,2.3,2.0,2.2,2.1,2.0,2.3,1.6,2.0,1.7,2.7,2.2,1.7,1.7,2.4,1.9,1.8,2.0,1.7,2.6,1.5
RESP_0385,Asia Pacific,Marketing,<3 year,35-45,EN,2.2,2.1,2.1,2.3,2.4,1.8,2.4,2.8,1.8,1.9,1.8,2.2,2.2,2.5,1.3,2.2,1.5,1.6,2.6,1.3,1.4,1.8,1.1,2.6,2.3
RESP_0386,North America,Marketing,10-20 year,25-35,EN,3.0,2.5,1.9,2.9,1.7,2.2,2.1,1.5,2.5,1.8,2.1,2.3,1.9,2.4,2.4,2.4,1.5,1.4,2.4,1.4,1.9,1.8,1.0,2.5,1.2
RESP_0387,Europe,Operations,3-10 year,25-35,EN,2.5,2.4,2.4,2.1,2.2,2.2,2.5,1.8,2.8,2.7,1.6,1.8,1.6,3.0,1.8,2.9,1.4,1.3,2.4,1.5,1.5,1.3,1.1,3.0,2.1
RESP_0388,Asia Pacific,HR,10-20 year,35-45,EN,2.6,2.1,1.8,2.6,1.9,2.0,2.7,2.8,2.6,2.7,1.9,1.5,2.0,2.4,2.0,2.3,2.1,1.3,2.4,1.4,1.6,1.2,1.1,2.5,1.5
RESP_0389,North America,Engineering,>20 year,<25,EN,2.4,2.7,2.3,3.0,1.6,2.3,1.8,2.0,2.5,3.0,2.0,2.0,2.2,2.2,2.7,2.6,2.1,1.0,3.0,1.6,1.6,1.3,1.0,2.3,1.6
RESP_0390,North America,Engineering,<3 year,55+,EN,1.6,2.5,2.3,2.2,1.7,2.7,2.1,2.1,2.4,2.5,2.7,2.6,1.0,2.1,1.5,2.7,1.8,1.8,2.5,1.4,1.3,1.0,1.0,2.3,1.2
RESP_0391,North America,Operations,>20 year,25-35,EN,2.3,2.8,1.9,2.7,2.3,2.2,3.0,1.6,3.0,2.5,1.8,2.7,1.1,2.0,1.5,2.5,1.4,1.8,2.5,1.6,1.8,1.5,1.0,3.0,1.4
RESP_0392,Europe,Marketing,<3 year,25-35,EN,1.5,2.6,2.2,2.6,2.2,2.2,2.2,2.1,2.8,2.4,2.2,2.2,2.2,2.3,2.1,2.8,1.6,1.3,2.2,1.9,1.0,1.8,1.4,3.0,1.3
RESP_0393,Europe,HR,<3 year,55+,EN,2.8,2.1,2.2,2.6,2.4,2.2,2.7,1.4,2.4,2.5,2.2,2.5,2.3,2.1,2.5,2.2,2.1,2.2,3.0,1.8,1.5,1.0,1.5,2.4,1.3
RESP_0394,North America,Operations,<3 year,<25,EN,1.9,2.4,2.5,2.7,2.1,2.4,2.7,2.0,2.4,2.0,1.7,2.3,1.8,3.0,1.7,2.6,1.9,1.6,2.5,2.0,1.8,1.7,1.6,2.7,1.0
RESP_0395,Asia Pacific,Marketing,>20 year,25-35,EN,3.0,2.5,2.2,2.7,1.9,2.1,2.2,2.2,2.3,2.1,1.6,2.0,1.9,2.4,1.7,2.5,1.4,1.5,2.7,1.7,1.0,1.0,1.5,2.9,1.7
RESP_0396,Asia Pacific,Engineering,10-20 year,35-45,EN,2.5,2.0,2.0,2.9,2.6,2.4,1.9,2.0,2.5,2.8,1.3,1.7,2.3,2.7,2.0,2.9,1.5,1.1,2.8,2.3,2.1,1.3,1.5,3.0,1.7
RESP_0397,Europe,Product,>20 year,25-35,EN,2.3,2.4,2.4,2.4,2.6,2.9,2.1,2.0,2.8,3.0,2.3,1.7,1.9,2.6,1.7,2.1,1.7,1.8,2.2,1.6,1.7,2.0,1.5,2.8,2.0
RESP_0398,Asia Pacific,HR,<3 year,35-45,EN,2.9,2.3,2.4,3.0,2.5,2.0,2.0,1.9,2.6,2.1,1.0,1.5,1.6,1.7,1.5,3.0,1.8,1.5,2.8,2.2,2.5,2.3,1.6,2.2,1.2
RESP_0399,Asia Pacific,Sales,10-20 year,<25,EN,2.3,1.8,1.5,2.6,2.3,2.2,2.5,2.5,2.6,2.0,2.8,1.9,1.8,1.9,1.6,2.1,1.4,1.0,2.6,2.2,1.2,2.6,2.0,2.7,1.2
RESP_0400,Asia Pacific,Marketing,10-20 year,55+,EN,1.7,2.2,2.5,3.0,2.5,2.5,2.2,2.1,2.6,2.2,2.3,1.6,1.5,1.8,1.7,2.3,2.2,1.6,2.2,1.3,1.4,1.9,2.0,2.2,1.7
RESP_0401,North America,HR,3-10 year,55+,EN,1.9,2.2,1.7,2.4,2.7,2.5,3.0,2.3,2.6,2.5,1.7,1.2,2.1,1.5,2.4,2.6,1.5,1.4,2.6,1.5,1.8,1.9,1.0,2.5,1.6
RESP_0402,Europe,Operations,>20 year,55+,EN,2.7,2.8,2.2,2.7,2.5,2.8,1.6,2.3,2.8,1.8,1.6,1.7,1.5,2.0,2.1,2.7,2.2,1.3,2.3,2.3,1.9,1.6,1.6,2.7,1.8
RESP_0403,Europe,Engineering,3-10 year,55+,EN,2.0,1.9,2.2,2.4,2.4,1.9,2.0,1.8,3.0,2.2,2.0,2.0,2.4,1.6,2.0,1.9,1.0,1.3,2.7,1.5,1.8,1.6,1.3,3.0,1.4
RESP_0404,Asia Pacific,Finance,<3 year,25-35,EN,2.4,2.2,1.7,2.6,2.0,2.9,1.4,2.2,2.5,2.2,1.8,2.0,2.2,1.5,1.7,2.1,1.4,1.7,2.8,2.2,1.8,1.9,1.0,3.0,1.5
RESP_0405,Asia Pacific,Operations,<3 year,35-45,EN,2.1,2.1,2.0,2.6,2.1,1.7,2.3,1.7,2.9,2.5,1.7,2.2,1.6,2.2,2.0,2.3,2.1,1.2,2.8,1.9,1.0,1.3,1.0,2.6,1.6
RESP_0406,North America,Operations,>20 year,25-35,EN,2.0,2.5,2.0,2.7,2.1,2.4,1.9,2.1,2.8,2.6,2.2,2.1,1.9,1.7,1.9,2.5,1.4,1.0,2.9,1.8,1.7,1.8,1.0,2.6,2.2
RESP_0407,Europe,Operations,10-20 year,55+,EN,2.1,2.2,1.9,2.2,2.7,1.4,2.1,2.2,3.0,1.9,1.5,1.7,2.1,2.3,1.4,2.4,2.3,1.7,2.6,1.9,1.8,1.1,1.3,2.6,1.4
RESP_0408,Asia Pacific,Product,10-20 year,<25,EN,2.5,2.6,2.3,2.6,2.0,2.1,2.3,1.9,2.2,2.2,1.8,2.0,1.6,1.9,1.6,2.4,2.1,1.8,2.1,2.1,1.9,2.0,1.8,2.5,1.5
RESP_0409,Asia Pacific,HR,10-20 year,25-35,EN,2.4,2.2,1.8,2.0,2.4,1.8,2.8,1.7,2.4,2.0,2.0,2.0,2.0,1.6,1.7,2.7,2.0,1.0,2.7,1.4,1.4,1.5,2.0,2.4,1.0
RESP_0410,North America,HR,10-20 year,55+,EN,2.5,2.2,2.5,2.5,2.5,2.9,2.2,2.5,2.3,2.4,1.4,1.8,1.4,2.7,2.7,2.3,1.5,1.1,2.7,1.6,1.4,2.3,1.3,2.9,1.6
RESP_0411,North America,Product,10-20 year,45-55,EN,3.0,1.7,1.4,2.0,2.7,2.1,2.1,1.8,2.8,1.8,1.8,1.6,1.0,2.0,2.0,2.2,1.7,1.5,2.6,1.4,1.2,1.6,1.0,2.6,2.3
RESP_0412,Europe,Engineering,3-10 year,<25,EN,2.3,2.9,2.0,2.1,1.9,2.4,2.2,1.4,2.8,2.4,2.7,2.5,1.0,2.8,2.5,2.2,1.6,1.7,2.3,1.7,2.0,1.8,1.1,3.0,1.7
RESP_0413,Asia Pacific,Engineering,10-20 year,45-55,EN,2.4,2.1,2.1,2.2,1.6,2.2,2.3,2.1,2.9,2.1,1.9,2.3,1.5,2.3,1.8,2.3,2.1,1.5,2.8,1.1,1.0,1.0,1.0,3.0,1.6
RESP_0414,Asia Pacific,HR,10-20 year,35-45,EN,2.0,2.6,2.4,2.1,3.0,2.4,2.4,2.3,2.7,2.1,2.8,1.9,2.2,2.0,1.7,3.0,1.8,1.6,2.7,2.7,2.5,2.1,2.5,2.4,1.9
RESP_0415,Europe,HR,10-20 year,<25,EN,2.3,1.7,2.3,2.3,2.8,2.2,2.1,2.6,2.5,2.7,2.2,2.2,1.7,2.4,1.9,2.2,1.8,2.1,2.8,2.1,1.6,1.0,1.0,2.6,1.1
RESP_0416,Asia Pacific,HR,10-20 year,35-45,EN,2.1,2.4,2.6,2.6,2.6,2.7,2.7,2.8,2.3,2.0,2.3,2.3,2.1,3.0,2.0,2.5,1.5,2.3,2.5,1.7,1.5,1.3,1.1,2.5,1.1
RESP_0417,Europe,HR,>20 year,35-45,EN,2.4,2.4,2.5,2.3,2.3,2.4,2.3,2.1,2.8,1.7,2.8,2.2,1.6,2.9,2.0,2.4,1.7,2.1,2.6,1.6,2.0,2.1,2.0,2.9,2.1
RESP_0418,Asia Pacific,Product,10-20 year,35-45,EN,2.2,2.5,1.6,2.4,2.3,2.5,3.0,2.4,2.2,2.1,2.6,1.8,2.2,2.2,1.9,2.2,1.0,1.8,2.3,1.3,1.7,2.0,1.0,3.0,1.2
RESP_0419,Asia Pacific,Marketing,>20 year,45-55,EN,2.3,3.0,2.4,2.5,2.1,2.3,2.4,2.6,2.9,2.5,2.7,1.2,2.0,2.7,2.2,2.0,2.3,1.9,2.7,1.8,2.4,1.8,1.3,2.5,1.9
RESP_0420,Asia Pacific,HR,>20 year,55+,EN,2.6,1.6,2.1,1.8,2.1,2.1,2.3,2.0,2.1,1.9,1.4,2.1,1.9,2.5,1.8,1.9,1.7,1.6,2.3,1.4,1.8,1.6,1.9,3.0,1.0
RESP_0421,Europe,Product,<3 year,25-35,EN,2.4,2.7,2.4,2.9,2.3,2.1,3.0,2.2,2.4,1.9,2.1,2.4,1.6,2.1,2.1,2.5,1.7,1.5,2.4,1.4,1.3,1.3,1.0,3.0,1.7
RESP_0422,Asia Pacific,Product,>20 year,55+,EN,2.3,2.3,1.9,2.5,2.1,2.2,2.6,2.2,2.7,2.2,1.9,1.5,1.7,1.0,1.8,2.4,2.0,1.5,2.7,1.0,1.6,1.0,1.0,2.6,2.1
RESP_0423,North America,Finance,<3 year,<25,EN,2.7,2.9,2.3,2.1,2.5,2.2,1.8,2.4,2.9,2.3,2.1,1.2,2.2,2.5,2.1,2.0,1.2,2.3,2.3,1.8,1.2,1.0,1.6,2.9,1.0
RESP_0424,Europe,Product,>20 year,35-45,EN,2.7,2.4,2.2,2.1,2.2,2.3,2.5,2.0,2.8,1.9,2.0,2.0,1.2,2.2,1.8,2.8,1.7,1.7,2.2,1.9,1.4,1.3,2.5,2.6,1.5
RESP_0425,Asia Pacific,Engineering,10-20 year,25-35,EN,2.5,2.6,2.2,3.0,2.2,2.5,2.8,1.9,2.9,2.3,1.5,1.4,1.8,2.6,1.2,2.5,2.1,1.2,2.4,2.0,1.9,2.2,1.2,2.5,2.3
RESP_0426,Europe,Engineering,>20 year,55+,EN,2.0,2.6,2.4,2.9,2.5,2.6,2.2,2.5,2.6,1.8,2.1,1.1,2.1,2.1,2.8,2.5,2.1,1.2,2.8,1.6,2.0,1.2,1.4,2.4,1.7
RESP_0427,Europe,Sales,10-20 year,25-35,EN,2.7,2.3,2.2,2.4,2.5,2.1,2.6,2.0,2.4,2.3,1.8,2.1,1.6,2.4,2.5,2.2,1.8,1.8,2.5,2.0,1.8,2.0,1.2,2.4,1.5
RESP_0428,Europe,HR,>20 year,25-35,EN,2.0,2.9,2.7,2.0,1.9,1.9,2.9,1.9,2.0,2.7,2.2,2.9,2.0,2.2,2.1,2.3,2.3,2.1,2.1,2.1,1.2,2.6,2.0,2.4,1.7
RESP_0429,Asia Pacific,HR,<3 year,25-35,EN,2.2,2.0,2.5,2.0,2.3,2.4,2.4,2.5,2.4,1.4,1.8,2.3,1.7,2.1,2.2,2.6,1.2,1.6,2.5,1.8,1.0,2.1,1.4,2.8,2.3
RESP_0430,Europe,HR,>20 year,55+,EN,2.5,2.3,2.5,2.9,2.3,2.0,2.6,2.1,2.4,1.8,2.8,2.3,2.1,1.9,2.0,2.4,2.1,2.1,2.2,1.4,1.9,1.4,1.7,2.6,1.1
RESP_0431,Asia Pacific,Finance,<3 year,55+,EN,1.7,2.5,2.3,2.8,2.4,1.0,2.5,1.6,1.8,1.6,1.2,2.1,1.5,1.6,2.0,2.1,2.1,2.1,2.5,2.3,2.2,1.6,2.1,2.5,1.0
RESP_0432,Europe,Sales,10-20 year,25-35,EN,1.8,1.9,1.9,2.1,2.1,2.8,2.4,1.9,2.9,2.3,2.1,2.5,1.7,2.6,2.3,2.4,1.3,1.6,2.9,2.1,2.3,1.4,1.7,2.4,1.7
RESP_0433,North America,Product,3-10 year,35-45,EN,2.3,2.2,1.8,2.4,1.8,2.2,1.7,1.6,2.8,2.6,1.9,2.0,1.9,2.4,2.1,2.0,1.0,1.2,2.6,2.1,1.7,1.8,1.0,2.7,1.6
RESP_0434,Europe,Operations,<3 year,45-55,EN,2.0,2.3,2.1,2.8,2.5,2.4,1.2,2.2,1.9,2.5,2.6,1.6,1.7,2.0,2.5,2.4,2.4,1.7,2.7,1.8,1.9,1.0,1.4,2.7,1.9
RESP_0435,Europe,Marketing,>20 year,35-45,EN,2.3,1.9,1.4,2.8,2.5,2.5,2.8,1.9,2.0,2.3,1.9,1.7,1.8,2.0,1.3,2.3,1.4,1.7,2.4,2.2,2.2,1.9,1.0,3.0,2.2
RESP_0436,Asia Pacific,Sales,>20 year,<25,EN,2.3,2.3,1.7,2.6,2.6,2.1,2.5,2.2,2.7,2.0,2.5,2.1,2.1,2.0,2.4,2.3,1.5,2.2,1.9,2.8,1.9,1.5,1.5,2.9,1.5
RESP_0437,North America,Engineering,<3 year,35-45,EN,1.8,2.5,2.6,2.3,1.9,2.5,2.3,2.0,2.5,1.7,2.2,2.6,1.5,1.9,2.1,3.0,2.2,1.6,2.6,2.2,1.2,1.8,1.0,3.0,1.5
RESP_0438,North America,Finance,3-10 year,45-55,EN,2.4,1.5,2.0,2.7,2.4,2.7,2.5,1.9,1.7,2.2,2.4,1.8,1.8,2.4,1.6,2.6,2.4,1.5,2.3,1.8,1.0,1.7,1.6,3.0,1.5
RESP_0439,Asia Pacific,Sales,10-20 year,25-35,EN,2.2,2.3,2.0,2.4,1.9,2.4,2.5,1.6,2.3,2.3,1.8,1.9,2.4,1.8,1.1,2.2,1.7,1.4,2.7,1.4,1.1,1.3,1.1,3.0,2.2
RESP_0440,Asia Pacific,Sales,>20 year,45-55,EN,1.7,3.0,2.3,2.5,2.1,2.7,2.4,2.7,1.9,2.4,1.8,2.2,1.9,2.4,2.4,2.8,2.5,1.6,2.4,1.4,1.8,1.9,1.0,3.0,1.6
RESP_0441,Asia Pacific,Engineering,>20 year,25-35,EN,2.0,2.0,2.3,2.8,2.9,2.1,2.4,1.9,2.5,1.8,1.6,2.3,1.2,2.4,1.7,1.8,1.0,2.1,2.0,1.8,1.7,1.1,1.2,2.8,1.7
RESP_0442,Asia Pacific,Finance,3-10 year,25-35,EN,2.1,1.9,1.8,2.2,2.3,2.3,2.8,2.2,1.6,2.4,1.4,1.6,1.5,1.9,1.4,2.5,1.3,1.7,3.0,1.3,1.5,1.0,1.3,2.9,1.9
RESP_0443,Asia Pacific,Engineering,<3 year,45-55,EN,2.3,2.6,3.0,3.0,2.1,1.8,2.2,1.8,2.7,1.9,2.0,2.3,1.8,1.8,2.5,1.8,1.7,1.6,2.6,1.9,1.8,1.6,1.3,2.6,1.4
RESP_0444,North America,Sales,10-20 year,45-55,EN,2.6,2.3,1.9,2.7,2.0,2.5,2.4,1.9,2.7,2.5,2.5,2.4,2.0,1.7,3.0,2.0,2.1,1.8,2.2,1.8,1.6,2.1,1.1,2.6,1.0
RESP_0445,Europe,Finance,>20 year,<25,EN,2.9,1.5,2.4,2.9,2.4,2.5,2.5,2.4,2.1,2.7,2.1,2.1,2.0,1.7,1.4,2.4,2.3,1.2,2.7,1.5,1.3,1.8,1.7,2.5,2.2
RESP_0446,Europe,Engineering,>20 year,35-45,EN,2.4,2.4,1.6,2.1,2.5,2.3,2.5,2.7,2.8,2.7,2.0,1.7,1.8,1.9,2.6,2.6,2.0,2.0,2.0,2.0,1.1,1.6,1.3,2.9,1.7
RESP_0447,Europe,HR,3-10 year,<25,EN,2.5,1.9,3.0,2.9,3.0,2.2,2.4,2.1,2.3,2.6,1.6,2.3,1.6,2.4,2.6,2.4,2.1,1.4,2.2,2.4,1.9,1.5,1.7,2.4,1.8
RESP_0448,Asia Pacific,Engineering,10-20 year,35-45,EN,2.4,2.5,2.4,2.5,2.2,2.4,3.0,1.8,2.3,1.7,2.2,1.8,1.2,2.2,2.6,2.3,1.7,2.1,2.6,1.4,1.9,2.0,1.3,2.7,1.1
RESP_0449,Europe,Finance,10-20 year,<25,EN,2.3,2.1,2.0,2.5,2.0,2.2,2.7,1.9,2.2,3.0,2.1,1.7,2.1,2.3,1.8,2.4,1.7,1.9,2.8,1.0,2.4,1.5,2.1,2.9,1.7
RESP_0450,Asia Pacific,Product,>20 year,25-35,EN,2.3,3.0,2.0,2.3,2.1,2.3,2.3,2.5,2.8,2.6,1.9,2.3,2.1,2.2,2.1,2.6,1.9,1.7,3.0,1.9,1.4,1.1,1.4,2.6,1.9
RESP_0451,Asia Pacific,Operations,<3 year,45-55,EN,1.8,2.5,2.6,2.8,2.6,2.5,2.8,1.7,2.0,2.3,1.1,2.5,2.3,2.0,1.9,2.4,1.8,1.6,2.8,1.7,2.0,1.8,1.2,3.0,1.1
RESP_0452,North America,Finance,<3 year,<25,EN,2.3,1.7,2.2,2.3,2.6,2.2,2.4,2.1,2.5,2.1,1.5,1.9,2.4,2.0,1.8,2.4,1.4,2.0,2.3,1.7,2.6,1.1,2.0,2.7,1.7
RESP_0453,Asia Pacific,Product,>20 year,25-35,EN,1.6,2.3,2.5,2.3,1.8,2.4,2.1,2.3,2.2,2.0,1.2,2.1,1.7,1.7,2.1,2.7,1.7,1.7,2.7,1.4,2.4,1.4,1.7,2.9,1.5
RESP_0454,North America,Product,<3 year,55+,EN,2.5,2.2,1.9,2.3,1.8,2.7,2.9,2.4,2.9,2.2,1.7,1.7,2.1,2.3,2.0,2.8,1.9,1.3,2.4,2.0,2.0,1.8,2.2,3.0,1.8
RESP_0455,Europe,HR,<3 year,55+,EN,2.2,2.6,2.7,2.6,2.7,2.2,2.5,2.4,1.8,2.2,2.4,2.1,1.3,1.2,1.9,2.4,1.5,1.7,2.8,2.0,1.0,1.1,1.3,2.9,1.8
RESP_0456,Asia Pacific,Operations,>20 year,<25,EN,2.5,2.0,2.4,2.2,2.6,2.4,2.3,1.9,2.0,2.1,1.9,1.1,1.7,2.6,2.2,2.3,1.8,1.4,2.6,2.3,2.0,1.8,1.2,2.9,1.0
RESP_0457,Europe,Product,<3 year,35-45,EN,1.9,2.4,2.1,2.6,1.9,2.4,2.6,1.6,3.0,2.4,2.3,1.5,2.1,1.5,1.6,2.5,1.7,1.6,3.0,1.8,1.9,1.6,1.4,2.4,1.7
RESP_0458,North America,Engineering,3-10 year,45-55,EN,3.0,2.8,1.8,2.3,2.2,2.9,2.2,1.6,2.3,2.6,2.3,1.9,2.1,1.3,2.0,2.7,1.5,1.3,2.0,2.4,1.3,1.7,1.6,3.0,1.5
RESP_0459,North America,Engineering,>20 year,35-45,EN,2.7,2.2,1.8,2.0,1.9,2.6,2.2,1.9,2.2,2.3,1.9,1.9,2.3,2.8,1.4,2.5,1.5,1.5,2.7,1.7,1.7,1.9,1.5,2.5,1.3
RESP_0460,Asia Pacific,Marketing,<3 year,35-45,EN,1.8,1.9,1.7,2.0,2.2,2.2,2.4,1.9,2.1,2.3,1.6,2.2,1.1,1.3,1.4,2.3,1.7,1.6,2.4,1.5,2.2,2.1,1.8,2.8,1.8
RESP_0461,Europe,Finance,<3 year,45-55,EN,2.0,1.9,1.5,2.6,2.4,2.2,2.1,1.5,2.6,2.2,2.4,2.1,2.1,2.2,2.1,2.7,1.7,1.8,2.5,1.8,2.2,1.9,1.2,2.8,1.1
RESP_0462,Europe,Product,10-20 year,<25,EN,2.2,2.2,2.2,2.8,2.1,2.2,2.3,1.8,2.5,2.3,2.1,2.2,1.2,1.7,1.5,2.4,1.7,1.0,3.0,1.1,1.6,1.8,1.1,2.9,1.2
RESP_0463,Asia Pacific,Finance,3-10 year,<25,EN,2.7,2.3,1.5,2.7,2.9,2.0,2.2,1.9,2.2,2.0,1.7,1.8,1.7,2.0,2.3,2.6,1.3,1.4,3.0,1.9,1.7,1.7,1.3,2.7,1.4
RESP_0464,Asia Pacific,Operations,>20 year,35-45,EN,2.6,2.6,2.0,2.5,2.2,2.3,2.2,1.9,2.3,2.2,2.4,2.2,1.2,2.0,1.7,1.9,1.9,1.6,3.0,1.7,1.3,1.3,1.2,2.9,1.9
RESP_0465,Europe,Marketing,3-10 year,45-55,EN,2.3,2.1,2.2,3.0,2.6,1.9,2.5,1.4,1.7,2.2,2.2,2.1,2.6,2.2,2.0,2.7,1.7,1.7,2.7,1.5,1.8,2.5,1.9,2.4,2.5
RESP_0466,Asia Pacific,Operations,3-10 year,45-55,EN,2.5,2.9,2.3,2.6,2.4,2.1,2.3,1.8,2.5,1.5,2.2,2.0,1.7,2.3,1.4,3.0,1.8,1.5,2.3,1.8,2.2,2.0,1.7,2.9,1.5
RESP_0467,Europe,Product,10-20 year,45-55,EN,2.4,2.9,2.5,2.3,1.7,2.8,2.8,1.6,3.0,2.4,2.1,2.6,2.3,2.5,2.2,2.6,1.7,1.6,2.3,1.7,1.5,1.3,1.5,2.6,1.8
RESP_0468,Europe,Product,10-20 year,45-55,EN,1.7,2.6,1.4,2.1,2.9,2.2,2.6,1.8,2.3,2.9,1.9,2.2,1.9,2.3,2.1,1.8,2.0,1.4,3.0,1.5,1.4,2.6,1.7,2.4,1.7
RESP_0469,Asia Pacific,Engineering,<3 year,55+,EN,2.0,3.0,2.2,2.7,2.6,2.7,2.1,2.1,2.3,3.0,1.1,1.8,1.8,2.3,2.0,2.4,1.7,1.7,2.7,2.4,2.3,1.7,1.2,2.6,1.1
RESP_0470,North America,Operations,3-10 year,35-45,EN,2.6,1.4,1.8,2.7,2.4,2.3,2.0,2.1,2.5,2.3,2.2,2.1,1.7,1.8,2.5,3.0,2.4,1.8,2.1,1.2,1.4,1.6,1.4,2.8,1.0
RESP_0471,Asia Pacific,Marketing,10-20 year,25-35,EN,2.7,2.2,2.2,2.5,3.0,2.0,2.4,2.0,2.0,3.0,1.5,2.1,1.1,2.0,2.2,2.2,2.0,1.5,2.9,2.3,1.4,1.6,1.5,2.9,1.6
RESP_0472,North America,Engineering,>20 year,35-45,EN,2.4,2.8,2.3,2.7,2.6,2.2,2.4,1.7,2.9,1.3,2.0,2.5,1.3,2.4,1.7,2.3,2.1,1.7,2.0,1.5,2.0,1.8,2.1,3.0,1.5
RESP_0473,Europe,Product,10-20 year,<25,EN,2.0,2.1,1.3,3.0,2.9,1.9,2.2,2.1,2.2,1.7,1.9,1.9,1.6,2.3,2.6,2.3,1.9,1.9,2.8,1.6,1.6,1.8,1.0,3.0,2.2
RESP_0474,North America,Sales,<3 year,25-35,EN,2.0,2.3,1.8,2.5,2.7,2.6,2.4,2.4,2.9,2.9,2.5,2.3,2.2,2.3,1.9,2.7,2.1,1.7,2.5,1.7,1.4,2.1,1.9,3.0,1.2
RESP_0475,North America,Marketing,10-20 year,<25,EN,2.7,2.9,1.8,2.3,1.9,1.7,2.6,2.2,2.5,1.8,2.7,1.8,2.0,1.6,1.9,2.5,1.9,1.7,2.7,1.4,1.7,1.6,1.5,2.7,1.1
RESP_0476,North America,HR,10-20 year,<25,EN,1.8,1.8,2.7,3.0,2.2,2.9,2.0,2.4,2.5,1.7,1.7,1.9,2.1,2.0,1.9,2.6,2.0,1.6,2.5,2.1,1.5,1.1,1.2,2.9,1.5
RESP_0477,North America,Product,<3 year,<25,EN,2.4,2.3,2.0,2.0,2.3,1.9,2.3,1.7,2.6,2.9,1.7,1.5,2.3,2.9,1.5,2.4,2.0,1.5,2.1,1.3,1.1,1.2,1.4,3.0,1.1
RESP_0478,North America,HR,<3 year,55+,EN,2.0,2.6,1.6,2.5,1.5,2.4,2.3,1.9,3.0,1.4,2.0,2.5,1.9,2.7,1.8,2.3,2.2,1.9,3.0,1.8,1.7,1.4,1.3,3.0,1.6
RESP_0479,North America,Marketing,<3 year,45-55,EN,1.9,2.2,2.5,2.3,2.8,1.8,2.9,2.1,2.0,2.6,2.2,2.6,1.2,1.8,2.3,3.0,2.0,1.9,2.4,1.7,1.4,1.8,1.8,2.8,1.9
RESP_0480,Asia Pacific,HR,10-20 year,45-55,EN,2.3,1.6,1.7,2.6,2.3,2.4,2.3,2.0,2.1,2.1,1.9,1.2,1.5,2.1,1.7,2.3,2.0,1.9,3.0,1.3,1.4,2.1,1.0,2.3,1.4
RESP_0481,Asia Pacific,Marketing,<3 year,45-55,EN,2.2,3.0,2.1,2.9,2.6,2.3,2.1,2.2,2.7,2.1,2.1,2.5,2.6,2.5,2.7,2.2,2.0,2.1,2.3,1.6,2.3,1.2,1.0,3.0,2.1
RESP_0482,Europe,Operations,10-20 year,25-35,EN,2.5,2.4,2.7,2.6,3.0,2.0,2.3,2.0,2.1,2.2,2.2,2.2,2.7,2.4,2.5,2.4,2.4,2.4,2.8,1.5,1.4,1.7,1.6,2.9,1.8
RESP_0483,North America,HR,10-20 year,25-35,EN,2.5,1.8,2.1,2.2,2.7,2.2,2.8,2.6,2.6,3.0,1.4,2.6,1.7,2.1,1.8,2.0,2.0,1.2,2.4,1.6,2.0,1.6,1.0,2.4,1.0
RESP_0484,Europe,Marketing,>20 year,55+,EN,2.5,2.9,2.3,2.1,2.6,2.0,2.6,2.0,2.2,1.9,2.1,2.4,1.9,2.0,1.3,2.2,1.4,2.1,2.5,1.9,1.5,1.8,1.7,3.0,1.4
RESP_0485,Asia Pacific,Engineering,3-10 year,45-55,EN,2.1,2.1,2.3,2.4,2.3,2.5,3.0,2.1,2.1,2.4,1.8,2.8,1.6,2.2,2.2,2.5,2.3,1.8,3.0,2.0,2.1,1.4,2.2,2.6,2.2
RESP_0486,North America,Finance,>20 year,35-45,EN,2.6,2.3,2.6,2.6,2.2,2.4,2.3,1.9,2.6,2.4,1.0,2.2,2.1,2.8,1.5,2.1,1.9,1.4,2.2,1.7,1.5,1.2,1.0,2.7,1.0
RESP_0487,Asia Pacific,Operations,<3 year,35-45,EN,2.3,2.4,2.7,2.5,2.3,1.6,2.2,2.2,2.2,1.9,1.3,1.8,2.4,1.6,2.3,2.7,2.7,2.0,2.9,1.9,1.6,1.9,1.9,2.8,2.1
RESP_0488,Asia Pacific,Operations,10-20 year,45-55,EN,3.0,2.3,2.1,2.9,2.3,2.4,2.2,2.3,2.3,1.9,2.2,2.8,1.7,1.8,2.8,2.4,2.1,1.3,2.6,2.3,1.7,1.7,1.0,2.9,1.3
RESP_0489,Europe,Sales,3-10 year,35-45,EN,2.4,2.6,2.2,3.0,2.8,1.9,2.2,2.4,2.2,1.8,1.7,2.0,1.0,1.8,1.3,2.7,2.1,1.7,2.6,2.0,1.2,2.1,1.4,3.0,2.0
RESP_0490,Europe,Marketing,<3 year,55+,EN,2.5,2.1,2.4,2.6,1.9,2.3,2.5,2.3,2.7,3.0,2.1,2.3,1.0,2.9,2.0,2.1,1.7,1.8,2.9,1.8,1.8,1.5,1.6,2.8,1.7
RESP_0491,Europe,Marketing,<3 year,<25,EN,2.0,2.4,1.9,2.2,2.1,2.2,2.1,2.2,2.5,2.7,2.0,2.1,2.5,2.0,1.9,2.8,1.5,2.1,2.5,1.5,2.0,1.5,2.1,2.7,1.6
RESP_0492,Asia Pacific,Finance,10-20 year,45-55,EN,2.1,3.0,2.2,2.5,2.0,2.0,2.0,2.6,2.5,2.5,2.6,1.1,2.3,2.2,2.2,2.2,1.5,1.8,3.0,2.2,2.1,1.5,1.2,2.5,1.4
RESP_0493,Asia Pacific,Operations,3-10 year,25-35,EN,2.1,2.2,2.1,2.6,2.3,2.1,1.6,1.9,2.2,2.5,2.4,2.4,2.1,2.1,1.8,2.2,1.3,1.9,2.5,1.4,1.3,1.3,1.4,3.0,1.5
RESP_0494,North America,Engineering,10-20 year,<25,EN,1.5,2.3,2.2,2.6,2.4,2.4,2.9,2.3,2.3,3.0,1.8,2.0,1.5,2.5,2.7,2.0,1.7,2.0,2.3,2.0,1.1,1.8,1.4,3.0,1.9
RESP_0495,Asia Pacific,Engineering,<3 year,35-45,EN,2.6,2.2,1.9,2.4,2.5,1.9,2.1,2.5,2.3,2.1,1.4,2.3,2.0,2.6,2.0,2.5,1.9,1.1,3.0,2.1,1.6,1.5,1.9,2.7,2.0
RESP_0496,Europe,Sales,<3 year,<25,EN,2.1,2.3,2.2,3.0,2.7,2.8,2.0,2.0,2.8,2.7,2.3,1.8,1.4,2.3,1.6,2.5,2.2,1.7,2.2,1.6,1.9,1.8,1.6,3.0,1.7
RESP_0497,North America,Product,<3 year,25-35,EN,1.9,2.1,1.8,2.7,2.0,2.5,2.2,2.0,2.8,1.8,1.8,3.0,2.5,1.5,1.8,2.4,1.3,2.3,2.6,1.7,1.8,1.7,1.1,3.0,1.7
RESP_0498,North America,Marketing,<3 year,<25,EN,2.8,2.4,2.3,2.8,2.7,2.8,2.3,1.5,2.3,2.8,2.1,2.9,1.6,3.0,2.0,2.3,1.6,1.8,2.2,1.6,1.6,1.0,1.4,3.0,1.8
RESP_0499,North America,Product,3-10 year,25-35,EN,1.7,2.4,2.2,2.0,2.5,2.1,3.0,1.9,2.3,2.0,2.5,1.9,1.5,2.5,1.4,2.6,2.4,1.8,2.8,2.1,2.3,2.1,1.6,3.0,1.2
RESP_0500,Europe,HR,3-10 year,35-45,EN,2.6,2.3,2.1,3.0,2.5,2.6,2.1,2.6,2.8,2.4,1.3,2.5,2.5,2.2,2.0,2.2,1.2,1.4,3.0,2.2,1.3,1.4,2.3,2.4,1.3
